"Nama Kost","Jenis Kost","Fasilitas Kamar","Fasilitas Umum","Harga","rating Krebersihan","rating Kenyamanan","rating Keamanan","rating Harga","rating Fasilitas kamar","rating Fasislitas Umum","Total Rating","Jarak Ke kampus"
"Kost Apik 251 Raya Candi Tipe B Sukun Malang 79Z7ER5F","putri","Kasur, Lemari baju, Bantal, cermin, ventilasi","KM.Luar, Ember mandi, Listrik, WiFi, Dapur, R.tamu, penjaga kost, Ember mandi","Rp. 802.000/bulan","4.5","4.5","4.5","4.5","4.5","4.5","4.5","1.2km ke UMM"
"Kost Apik Prasanjaya Tipe A Lowokwaru Malang S9MT44K1","putri","Kasur, Meja, Lemari Baju, Ventilasi, Kursi","KM.luar, bak mandi, Listrik, WiFi, Kulkas, Penjaga kos, R.Makan, R.Jemur","Rp. 913.000/bulan","5.0","5.0","5.0","4.7","5.0","5.0","5.0","694m ke UIN Malang"
"Kost Apik Ulfah MT Haryono Tipe A Lowokwaru Malang 474RPH3L","putri","Kasur, Meja, Lemari Baju, Bantal, Cermin","KM.luar, listrik, WiFi, R.Jemur, Jemuran","Rp. 813.750/bulan","5.0","5.0","5.0","4.9","5.0","4.8","5.0","751m ke Politeknik Negeri Malang"
"Kost Griya Prima Tipe A Lowokwaru Malang PK19T0B0","putra","kasur, meja, lemari baju, ventilasi, cermin","KM.luar, shower, listrik, WiFi, R.cuci, penjaga kost, R.jemur, dapur","Rp. 850.000/bulan","5.0","4.7","5.0","5.0","4.7","5.0","4.9","450m ke UIN Malang"
"Kost Sumbersari 227B Tipe A Lowokwaru Malang FVB503Q4","putri","kasur, Meja, Lemari Baju, Ventilasi, Bantal","KM.luar, Ember mandi, Shower, listrik, WiFi, Kulkas, R.cuci, Rtamu, R.jemur","Rp. 700.000/bulan","4.7","5.0","4.7","4.7","4.7","4.7","4.8","530m ke UB"
"Kost Kalila Boarding House Lowokwaru Malang 471KB","putri","AC, kasur, meja, TV, lemari baju, KM.dalam, shower, Air panas","Wifi, R.cuci, R.tamu, Mesin Cuci, Penjaga kost","Rp. 2.600.000/bulan","5.0","5.0","5.0","5.0","5.0","5.0","5.0","1.8km ke UNMER Malang"
"Kost Muslim Pak Munawar Lowokwaru Malang RAG6Q588","putra","kasur, meja, lemari baju, ventilasi, jendela","KM.luar, listrik, Wifi, R.jemur, Dapur, Balkon, CCTV","Rp. 600.000/bulan","5.0","5.0","5.0","5.0","5.0","5.0","5.0","199m ke UIN Malang"
"Kost Singgahsini Rara Dwiga Tipe B Lowokwaru Malang SF55D5Q4","putra","AC, kasur, meja, lemari baju, ventilasi, KM.dalam, shower, air panas","Wifi, R.tamu, Penjaga Kos, R.Jemur, Dapur, parkir motor, parkir mobil, parkir sepeda","RP. 1.875.000/bulan","4.9","5.0","5.0","4.6","4.9","4.9","4.9","2.4km ke Universitas Islam Malang"
"Kost Feisya Tipe A Lowokwaru Malang 76D9XF0W","putri","AC, kasur, meja, lemari baju, ventilasi, KM.dalam, shower","Wifi, Kulkas, R.Cuci, Laundry, R.Tamu","Rp. 1.350.000/bulan","5.0","5.0","5.0","5.0","5.0","5.0","5.0","1.2km ke Politeknik Negeri Malang"
"Kost Singgahsini Rembuksari 36 Tipe A Lowokwaru Malang J7U99NB7","putri","Kasur, meja, lemari baju, ventilasi, kursi, KM.dalam, shower","Wifi, R.jemur, dapur, parkir motor, parkir sepeda","Rp. 1.275.000/bulan","5.0","5.0","5.0","4.8","5.0","5.0","5.0","1.6km ke politeknik negeri malang"
"Kost Singgahsini Omah Tilam Tipe A Blimbing Malang ZY8JS668","Campur","AC, Kasur, Meja, TV, Lemari baju, KM.dalam, Wastafel, shower, air panas","Wifi, R.cuci, penjaga kost, R.jemur, Mushola, parkit mobil, parkir motor, parkir sepeda","Rp. 2.525.000/bulan","5.0","4.9","5.0","4.9","5.0","4.9","5.0","3.0km ke UM"
"Kost Singgahsini Hasna Muslimah Tipe B Lowokwaru Malang 835472HA","putri","AC, Kasur, Meja, Lemari baju, kursi, km.dalam, shower, air panas","Wifi, Kulkas, R.tamu, parkir mobil, parkir motor","Rp. 1.525.000/bulan","4.9","5.0","4.8","4.5","4.7","5.0","4.9","643m ke Universitas islam malang"
"Kost Singgahsini Kozroom Tipe C Brawijaya Malang 958421SK","putri","AC, kasur, meja, TV, lemari baju, KM.dalam, shower, air panas","Wifi, Dapur, KM.luar, Balkon, listrik, parkir motor, parkir mobil","Rp. 2.375.000/bulan","4.9","4.8","4.9","4.5","4.6","4.4","4.6","1.3km ke politeknik negeri malang"
"Kost Singgahsini Kozroom Tipe D Brawijaya Malang 534287SK","putri","AC, kasur, meja, tv, lemari baju, KM.dalam, shower, air panas","Wifi, dapur, KM.luar, nalkon, listrik, parkir mobil, parkir motor","Rp. 2.425.000/bulan","4.9","4.9","4.9","4.6","4.8","4.4","4.8","1.3km ke politeknik negeri malang"
"Kost Singgahsini Kozroom Tipe B Brawijaya Malang 172435SK","putri","AC, kasur, meja, TV, lemari baju, KM.dalam, shower, Air panas","WiFi, Dapur, KM.luar, balkon, listrik, parkir motor, parkir mobil","Rp. 2.175.000/bulan","4.9","4.7","4.9","4.5","4.7","4.5","4.6","1.3km ke politeknik negeri malang"
"Kost Putri Tamborin 18 Lowokwaru Malang 6D90LP8L","putri","AC, kasur, meja, meja rias, lemari baju","KM.luar, wastafel, WiFi, kulkas, R.tamu, R.makan, R.jemur, parkir motor","Rp. 800.000/bulan","5.0","4.7","5.0","5.0","5.0","5.0","5.0","2.1km ke politeknik negeri malang"
"Kost Cozy Dozy 2 Tipe B Lowokwaru Malang 197CD","putra","kasur, meja, lemari baju, jendela, cermin,","KM.luar, wastafel, shower,WiFi, Kulkas, R.cuci, R.tamu, penjaga kos, parkir motor, parkir mobil, parkir sepeda, listrik","Rp.650.000/bulan","4.0","5.0","4.0","5.0","5.0","5.0","5.0","2.5km ke politeknik negeri malang"
"Kost Apik Prasanjaya Tipe A Lowokwaru Malang S9MT44K1","Putri","Kasur, Meja, Lemari, Ventlasi, Kursi","Wifi, Kulkas, Penjaga, Ruang Makan, Ruang Jemur, Parkir Motor","Rp. 913.000/bulan","5.0","5.0","5.0","4.7","5.0","5.0","5.0","694 m dari UIN"
"Kost Apik Ulfah MT Haryono Tipe A Lowokwaru Malang 474RPH3L","Putri","Kasur, Meja, Lemari, Bantal, Cermin","Wifi, Jemuran, Parkir Motor, KM Luar","Rp. 813.750/bulan","5.0","5.0","5.0","4.9","5.0","4.8","5.0","751  m dari POLINEMA"
"Kost Griya Prima Tipe A Lowokwaru Malang PK19T0B0","Putra","Kasur, Meja, Lemari, veentilasi, cermin","Wifi, Ruang Cuci, Penjaga, Ruang Jemur, Dapur, KM Luar","Rp. 850.000/bulan","5.0","4.7","5.0","5.0","4.7","5.0","4.9","450m dari UIN"
"Kost Sumbersari 227B Tipe A Lowokwaru Malang FVB503Q4","Putri","Kasur, Meja, Lemari, Ventilasi, Bantal","Wifi, Kulkas, Ruang Cuci, Ruang Tamu, Ruang Jemur, KM Luar","Rp. 700.000/bulan","4.7","5.0","4.7","4.7","4.7","4.7","4.8","530 m dari UB"
"Kost Kalila Boarding House Lowokwaru Malang 471KB","Putri","AC, Kasur, Meja, TV, Lemari","KM Dalam, Wifi, Ruang Cuci, Ruang Tamu, Penjaga, Parkir Mobil dan Motor","Rp. 2.600.000/bulan","5.0","5.0","5.0","5.0","5.0","5.0","5.0","1.8 km dari Universitas Merdeka"
"Kost Muslim Pak Munawar Lowokwaru Malang RAG6Q588","Putra","kasur, Meja, Lemari, ventilasi, jendela","Wifi, Ruang Jemur, Dapur, Balcon, CCTV, KM Luar","Rp. 600.000/bulan","5.0","5.0","5.0","5.0","5.0","5.0","5.0","199 m dari UIN"
"Kost Harmony Jatimulyo Lowokwaru Malang 367542PH","Putri","AC, Kasur, Meja, Meja Rias, TV","Wifi Ruang Cuci, Kulkas, Ruang Tamu, Mesin Cuci, KM dalam","Rp. 700.000/bulan","1.3","1.3","1.3","1.3","1.3","1.3","1.3","866 m dari POLINEMA "
"Kost House Of California Lowokwaru Malang 154678HO","Putri","Kasur, Meja, Dispenser, Meja Rias, Lemari","KM Luar, Wifi, Ruang Cuci, Kulkas, Ruang Tamu, Penjaga","Rp. 1.000.000/bulan","5.0","3.8","3.8","3.8","4.4","5.0","4.3","561 m dari UMM"
"Kost Griya Prima Tipe A Lowokwaru Malang PK19T0B0","Putra","Kasur, Meja, Lemari, ventilasi, cermin, ","KM Luar, Wifi, Raung Cuci, Penjaga, Ruang Jemur, Dapur","Rp. 850.000/bulan","5.0","4.7","5.0","5.0","4.7","5.0","4.9","450 m dari UIN"
"Kost Biru Sigura Gura Sukun Malang EPA40K01","Putra","AC, Kasur, Meja, TV, Lemari","KM Dalam, Wifi, Mushola, Dapur, CCTV, Jemuran","Rp. 1.400.000/ bulan","5.0","5.0","5.0","5.0","5.0","4.5","4.9","1.6 km dari STIN  Malang"
"Kost Sembilan C&D Tipe VIP 3 Lowokwaru Malang 768391SC","Putri","AC, Kasur, Meja, TV, Lemari","KM Dalam, Wifi, Kulkas, Ruang Tamu, Penjaga, Laundry, Parkir Motor dan Mobil","Rp. 1.650.000/bulan","5.0","5.0","5.0","5.0","5.0","5.0","5.0","612 m dari UIN"
"Kost Febi Tipe A Lowokwaru Malang 374LA","Putra","Kasur, Meja, Lemari, Baju, Kursi, Bantal","KM Luar, Wifi, Raung Cuci, Ruang Tamu, Penjaga, Ruang Makan","Rp. 750.000/bulan","5.0","5.0","5.0","5.0","5.0","5.0","5.0","812 m dari UB"
"Kost Pinang Merah 1 Tipe A Lowokwaru Malang 945PM","Putri","Kasur, Meja, Lemari, Kulkas, Ventilasi","KM Dalam, Wifi, Ruang Cuci, Ruang Tamu, Ruang Jemur, Dapur Listrik","Rp. 750.000/bulan","5.0","3.8","3.8","3.8","3.8","3.8","4.0","506 m dari POLINEMA"
"Kost Taman Bunga Merak II Tipe A Lowokwaru Malang 458TB","Putri","Kasur, Meja, Lemari, Kulkas, Ventilasi","KM Dalam, Wifi, Ruang Cuci, Ruang Tamu, Ruang Jemur, Dapur, Listrik","Rp. 800.000/bulan","5.0","5.0","5.0","3.8","3.8","3.8","4.4","679 m dari POLINEMA"
"Kost Bu De Lowokwaru Malang 138BD","Putri","Kasur, Meja, Dispenser, Lemari, Kulkas","Wifi, Ruang Tamu, Penjaga, Laundry, Listrik","Rp. 950.000/bulan","5.0","5.0","5.0","5.0","5.0","5.0","5.0","837 m dari UB"
"Kost Hidden I Tipe Single Sukun Malang H152SE9F","Putra","Kasur, Meja, Lemari, Bantal, Jendela","KM Luar, Wifi, Kulkas, Dapur, Rice Cooker, Listrik","Rp. 550.000/bulan","5.0","5.0","5.0","5.0","5.0","5.0","5.0","1,6 km dari UB"
"Kost Kerto Asri Dalam Lowokwaru Malang 129KA","Putri","AC, kasur, Meja, Lemari, Ventilasi","KM Dalam, Wifi, Ruang Cuci, Kulkas, Ruang Tamu, Mesin Cuci, Listrik","Rp. 1.100.000/bulan","5.0","5.0","5.0","4.4","5.0","5.0","5.0","571 m dari POLINEMA"
"Kost M Panjaitan Klojen Malang 796MP","Putri","Kasur, Meja, TV, Lemari, Kursi","KM Dalam, Wifi, Ruang Cuci, Kulkas, Mesin Cuci, Ruang Makan, Listrik","Rp. 900.000/bulan","5.0","5.0","5.0","5.0","5.0","5.0","5.0","569 m dari UB"
"Kost Sengguruh 14 Tipe B Lowokwaru Malang R8TR229Y","Putra","Kasur, Meja, Lemari, Ventilasi, Bantal","KM Luar, Wifi, Ruang Cuci, Penjaga, Ruang Jemur, Listrik","Rp. 600.000/bulan","5.0","4.0","5.0","4.0","4.0","4.0","4,4","606 m dari UMM"
"Kost Ulul Albaab Tipe A Lowokwaru Malang 259681PU","Putri","Kasur, Meja, Lemari, Bantal, Cermin","KM Luar, Wifi, Kulkas, ruang Cuci, Ruang Jemur, Ruang Santai, Listrik","Rp.  800.000/bulan","5.0","5.0","5.0","5.0","50","5.0","5.0","542  m dari UB"
"Kost 54 Bening Tipe A Lowokwaru Malang P9Z9BK94","Putra","Kasur, Meja, Lemari, Ventilasi, bantal","KM Luar, Wifi, Ruang Cucu, Penjaga, Ruang Jemur, Parkir Motor, Listrik","Rp. 1.000.000/bulan","5.0","5.0","5.0","5.0","5.0","5.0","5.0","678 m dari UMM"
"Kost Apik Rumah Sakit V Tipe A Klojen Malang 558PCG8F","Putri","Kasur, Meja, Lemari Baju, Kursi, Cermin, Bantal Guling, Jendela, Ventilasi","Wifi, KM.Luar, Kulkas, R.Tamu, Luandry, R.Jemur, Listrik, Parkir Motor","Rp. 841.000/bulan","4.0","4.5","4.5","4.5","4.0","4.0","4.3"," 2.2 km Ke UM"
"Kost Sumbersari 227B Tipe A Lowokwaru Malang FVB503Q4","Putri","Kasur, Meja, Lemari Baju, Ventilasi, Bantal, Jendela, Kursi","Listrik, KM.Luar, Ember Mandi, Shower, Wifi, Kulkas, R.Cuci, R.Tamu, R.Jemur, R.Makan, R.Santai, Dapur, Jemuran, Pengurus Kost, Parkir Motor","Rp. 700.000/bulan","4.7","5.0","4.7","4.7","4.7","4.7","4.8","530 m ke UB"
"Kost 251 Raya Candi Tipe B sukun Malang 79Z7ER5F","Putri","Kasur, Lemari Baju, Ventilasi, Bantal, Cermin","Listrik, km.Luar, Ember Mandi, Wifi, R.Tamu, Penjaga Kost, Dapur, KM.Luar, Parkir Mobil dan Motor.","Rp. 802.000/bulan","4.5","4.5","4.5","4.5","4.5","4.5","4.5","1.2 km  Ke UMM"
"Kost Bumi Palapa Tipe Premium Lowokwaru Malang 259816PB","Putri","Kasur, Meja, Lemari Baju, Kursi, Bantal","KM.Luar, Wastafel, Shower, Wifi, R.cuci, Kulkas, R.Tamu, Penjaga Kos, Parkir Mobil dan Motor","Rp. 850.000/bulan","5.0","5.0","5.0","5.0","5.0","5.0","5.0","955 m ke UNISMA"
"Kost Ridgecamp Lowokwaru Malang 486213RL","Putri","Kasur, Meja, Lemari Baju, Ventilasi, Kursi,  Kipas Angin, Bantal, KM.Dalam, Shower","Listrik, Wifi, Kulkas, R.Tamu, R.Makan, R.Jemur, R.Santai, Dapur, Tv, Balcon, KM.Luar, Parkira Mobil dan Motor","Rp. 850.000/bulan","1.0","1.0","1.0","1.0","1.0","1.0","1.0","1.7 km ke POLINEMA"
"Kost Muslim Griya Soehat Tipe B Lowokwaru Malang 623718MU","Putri","Kasur, Meja, Meja Rias, Lemari Baju, Kursi, KM. Dalam, Shower","Listrik, Wifi, R.Cuci, Kulkas, R.Tamu, R.Makan, R.Jmeur, R.Santai, Dapur, Dispenser, Tv, Parkir Mobil dan Motor","Rp. 950.000/bulan","5.0","5.0","5.0","5.0","5.0","5.0","5.0","591 m Ke UB"
"Kost Omah Katkus 10 Lowokwaru Malang 715283OK","Putri","Kasur, Meja, Lemari Baj, Kursi, Bantal, KM. Dalam, Shower","Listrik, Wifi, R.Cuci, Kulkas, Penjaga Kos, R.Jmeur, Parkir Mobil dan Motor","Rp. 1.100.000/bulan","4.6","5.0","5.0","5.0","5.0","4.3","4.8","648 m Ke POLINEMA"
"Kost Bungan Merak ll Tipe A Lowokwaru Malang 536948BU","Putri","Kasur, Meja, TV, Lemari Baju, Kursi, Kipas Angin, KM. Dalam, Air Panas","Listrik, Wifi, Kulkas, R.Tamu, Penjaga Kos, Laundry, R.Makan, R.Jemur, R.Santai, Dapur, Parkir Mobil dan motor ","Rp. 875.000/bulan","3.9","3.5","3.5","3.8","3.5","3.8","3.6","726 m ke POLINEMA"
"Kost Kk Camp Lowokwaru Malang 146KC","Putri","Kasur, Meja, Lemari Baju, Kulkas, Ventilasi, KM.Dalam, Shower, Air Panas","Wifi, R.Cuci, Kulkas, R.Tamu, Penjaga Kost, Parkir Mobil dan Motor","Rp. 1.100.000/bulan","5.0","5.0","5.0","5.0","5.0","5.0","5.0","555 m Ke POLINEMA"
"Kost SHI 231 Tipr B Lowokwaru Malang 195SI","Putri","Kasur, Meja, Lemari Baju, Kursi, Kipas Angin, KM. Dalam, Ember Mandi","Listrik, Wifi, R.Cuci, Kulkas, R.Tamu, Penjaga Kost, Parkir Mobil dan Motor","Rp. 1.100.000/bulan","5.0","5.0","5.0","4.0","5.0","5.0","4.9","1.9 km Ke POLINEMAKo"
"Kost Bu De Lowokwaru Malang 138BD","Putri","Kasur, Meja, Dispenser, Lemari Baju, Kulkas, KM.Dalam, Shower, Ember Mandi","Listrik, Wifi, Kulkas, R.Tamu, Penjaga Kos, Laundry, Parkir Mobil dan Motor","Rp. 950.000/bulan","5.0","5.0","5.0","5.0","5.0","5.0","5.0","837 m Ke UB"
"Kost Guest House Eksekutif Poncowati 17 Blimbing Malang 681GH","Putra","AC, Kasur, Meja, Dispenser, TV, KM. Dalam, Shower","Listrik, Wifi, Kulkas, R.Tamu, Penjaga Kos, Laundry, Parkir Mobil dan Motor","Rp. 1.000.000/bulan","5.0","5.0","5.0","5.0","5.0","5.0","5.0",""
"Kost Griya Cappadocia Lowokwaru Malang 6C28EEW0","Putra","Kasur, Meja, Lemari Baju, Ventilasi, Bantal, KM. Dalam, Shower","Listrik, Wifi, Kulkas, R.Cuci, Mesin Cuci, R.Tamu, Parkir Motor","Rp. 975.000/bulan","5.0","5.0","5.0","5.0","5.0","5.0","5.0","393 m ke POLINEMA"
"Kost Griya Amsterdam Tipe A Lowokwaru Malang 537GA","Putra","Kasur, Meja, Lemari Baju, Ventilasi, Kursi, KM. Dalam, Shower ","Listrik, Wifi, R.Cuci, Kulkas, R.Jemyr, R.Santai, Parkir Motor","Rp. 900.000/bulan","5.0","5.0","5.0","5.0","5.0","5.0","5.0","1.2 km UNISMA"
"Kost 54 Bening Tipe A Lowokwaru Malang P9Z9BK94","Putra","Kasur, Meja, Lemari Baju, Ventilasi, Bantal","Listrik, Wifi, R.Cuci, Penjaga kos, R.Tamu, R.Jemur, KM. Luar, Ember Mandi, Parkir Motor","Rp. 1.000.000/bulan","5.0","5.0","5.0","5.0","5.0","5.0","5.0","678 m ke UMM"
"Kost Villa Puncak Landungsari Dau Malang 712584VP","Putra","Kasur, Lemari Baju, Kursi, Jendela, Meja, Ventilasi, Bantal","Listrik, KM.Luar, Ember Mandi, Wifi, R.Tamu, R.Jemur, Dapur, Jemuran, R.Cuci, Penjaga Kos, R. Santai, CCTV, Pengurus Kos, Parkir Mobi dan Motor","Rp. 1.000.000/bulan","4.0","4.0","4.0","3.7","3.7","3.7","3.9","2.0 km Ke UNISMA"
"Kost Griyas Aisyah Lowokwaru Malang 784932GA","Putra","Kasur, Meja, TV, Lemari Baju, Ventilasi","Listrik, KM. Luar, Shower, Wifi,  Kulkas, R. Tamu, R.Jemur, R.Santai, Parkir Mobil dan Motor","Rp. 850.000/bulan","5.0","5.0","5.0","5.0","5.0","5.0","5.0","791 m Ke UNISMA"
"Kost Singgahsini Al Thalib 8 Tipe C Lowokwaru Malang R3E6B4K8","putra","AC, Kasur, TV, Lemari baju, Ventilasi, KM.dalam, Wastafel, shower, air panas","WiFi, R.cuci, Kulkas, R.tamu, Penjaga kos, listrik, parkir motor, parkir mobil, parkir sepeda","Rp. 1.715.000/bulan","5.0","5.0","5.0","5.0","4.7","5.0","5.0","1.3 km ke politeknik negeri malang"
"Kost Singgahsini Al Thalib 8 Tipe B Lowokwaru Malang LY557ER4","putra","AC, Kasur, TV, Lemari baju, bantal, KM.dalam, Wastafel, shower, air panas","WiFi, R.cuci, Kulkas, R.tamu, Penjaga kos, listrik, parkir motor, parkir mobil, parkir sepeda","Rp. 1.995.000/bulan","","","","","","","","1.3 km ke politeknik negeri malang"
"Kost Singgahsini Kozroom Tipe A Brawijaya Malang 176245SK","putri","AC, kasur, meja, TV, lemari baju, KM.dalam, shower, air panas","Wifi, dapur, KM.luar, Balcon, listrik, parkir motor, parkir mobil","Rp. 2.125.000/bulan","5.0","4.9","5.0","4.4","4.8","4.7","4.8","810m ke Universitas Brawijaya"
"Kost Singgahsini Umi Dasaad Tipe A Klojen Malang J050SF8W","campur","AC, kaur, meja, lemari baju, ventilasi, KM.dalam, wastafel, shower, air panas","Wifi, kulkas, R.tamu, penjaga kos, listrik R.makan, parkir mobil, parkir sepeda","RP. 2.215.000/bulan","5.0","5.0","5.0","4.6","5.0","5.0","4.9","1.0 km ke universitas brawijaya"
"Kost Singgahsini Green House Universitas Brawijaya Tipe D Lowokwaru Malang 162539GH","putri","Kasur, meja, lemari baju, kursi, jendela","KM.luar, ember mandi, shower, Wifi, listrik kulkas, R.tamu, R.makan, R.jemur, parkir mobil, parkir motor","Rp.825.000/bulan","4.8","5.0","5.0","5.0","5.0","5.0","5.0","1.3. ke Universitas negeri malang"
"Kost Singgahsini Green House Universitas Brawijaya Tipe C Lowokwaru Malang 514236GH","putri","kasur, meja, lemari baju, kursi, jendela, KM.dalam, ember mandi, shower","Wifi, listrik, kulkas, R.tamu, R.makan, R.jemur, parkir mobil, parkir motor","Rp. 1.025.000/bulan","5.0","4.8","5.0","4.3","4.8","5.0","4.8","1.3 km ke politeknik negeri malang"
"Kost Singgahsini Green House Universitas Brawijaya Tipe B Lowokwaru Malang 946185GH","putri","Kasur, meja, lemari baju, kursi, jendela. KM.dalam, ember mandi, shower","WiFi, kulkas, listrik, R.tamu, R.makan, R.jemur, parkir mobil, parkir motor","Rp. 1.125.000/bulan","4.8","4.9","5.0","4.8","4.9","4.7","4.9","1.3 km ke politeknik negeri malang"
"Kost Singgahsini Taman Nusa Indah Tipe A Lowokwaru Malang 945283ST","putra","Kasur, meja, lemari baju, ventilasi, kursi, KM.dalam, shower, air panas","Wifi, R.cuci, R.tamu, penjaga kos, R.santai, parkir motor","Rp. 1.225.000/bulan","4.9","4.8","4.9","4.6","4.8","4.5","4.8","1.3 km ke politeknik negeri malang"
"Kost Singgahsini Green House Universitas Brawijaya Tipe A Lowokwaru Malang 824957GH","putri","Kasur, meja, lemari baju, kursi, jendela, Km.dalam, ember mandi, shower","WiFi, kulkas, listrik, R.tamu, R.makan, R.jemur, parkir mobil, parkir motor","Rp. 1.225.000/bulan","4.6","4.9","5.0","4.3","4.8","4.6","4.8","1.3km ke universitas negeri malang"
"Kost Bantaran IIID Lowokwaru Malang 798BI","putra","kasur, lemari, kipas angin","KM.luar, bak mandi, Wifi, R.cuci, R.jemur, Dapur, K.mandi luar, parkir mobil, parkir motor, parkir sepeda","Rp. 500.000/bulan","5.0","5.0","5.0","5.0","5.0","5.0","5.0","2.2km ke politeknik negeri malang"
"Kost Apik PUMA Ciwalk Tipe B Coblong Bandung 1D7R9L5X","Campur","AC, Kasur, Meja, TV, Lemari baju, KM.dalam, Kloset duduk, shower, air panas","Wifi, listrik, R.tamu, penjaga kos, TV, CCTV, parkir mobil, parkir motor, parkir sepeda","Rp. 2.525.000/bulan","5.0","5.0","5.0","4.8","4.9","4.9","5.0","804 ke Institut teknologi bandung"
"Kost Apik Amira Pasteur Tipe A Cicendo Bandung QF8L904P","Campur","Kasur, meja, lemari baju, kursi, bantal, KM.dalam, Ember mandi","Wifi, penjaga kos, listrik, parkir motr, parkir sepeda","Rp. 1.022.500/bulan","","","","","","","","2.5 km ke universitas islam bandung"
"Kost Apik Lusya Cihampelas Walk Tipe A Sukajadi Bandung 32YLC7H4","putri","Kasur, jendela, bantal, KM.dalam, Ember mandi, shower","WiFi, R.tamu, penjaga kos, R.jemur, dapur, parkir motor, parkir sepeda","Rp.1.127.000/bulan","4.3","4.3","4.3","4.3","4.3","4.3","4.3","964m ke institut teknologi bandung"
"Kost Apik Lusya Cihampelas Walk Tipe D Sukajadi Bandung 4BT24CT3","putri","Kasur, Ventilasi, Bantal, Jendela, KM.dalam, Ember mandi, shower","Wifi, R.tamu, penjaga kos, R.jemur, Dapur, parkir motor, parkir sepda","Rp.927.500/bulan","5.0","5.0","5.0","5.0","5.0","5.0","5.0","964 m ke Institut Teknologi Bandung"
"Kost Apik Kebon Bibit 21 Tipe D Taman Sari Bandung 54BR0GF7","putri","kasur, meja, lemari, kursi, bantal","KM.luar, shower, listrik, wifi, R.tamu, mesin cuci, R.makan, R.jemur, parkir mobil, parkir motor, parkir sepeda","Rp. 842.000/bulan","4.2","4.8","4.6","4.8","4.6","4.6","4.6","800m ke Institut Teknologi Bandung"
"Kost Apik Kebon Bibit 21 Tipe A Taman Sari Bandung C4N6X7G8","putri","kasur, meja, kursi, bantal, jendela, lemari","KM.dalam, shower, Wifi, listrik, R.tamu, mesin cuci, R.makan, R.jemur, parkir mobil, markir motor, parkir sepeda","Rp. 1.355.000/bulan","4.0","4.0","5.0","4.0","4.0","3.0","4.0","800m ke Institut Teknologi Bandung"
"Kost Apik Setiabudi Damar Home Tipe C Bandung 153689AI","putri","kasur, meja, lemari, bantal, jendela","Wifi, penjaga kos, dapur, KM.luar, shower, bak mandi, parkir motor","Rp. 1.072.000/bulan","4.9","4.8","4.9","4.9","4.9","4.9","4.9","1.7 km ke institut teknologi bandung"
"Kost Apik Setiabudi Damar Home Tipe B Bandung 153689AP","putra","kasur, meja, lemari baju, bantal, jendela","KM.luar, shower, Wifi, penjaga kos, dapur, parkir motor","Rp. 1.025.000/bulan","4.7","4.7","4.8","4.5","4.7","4.4","4.6","1.7 km ke institut teknologi bandung"
"Kost Singgahsini Radiant Tipe A Pasteur Bandung 42JN5VC1","putri","kasur, meja, lemari, ventilasi, kursi, KM.dalam, shower","Listrik, Wifi, R.cuci, kulkas, R.tamu, R.jemur, parkir motor","Rp.1.545.000/bulan","5.0","4.9","5.0","4.8","4.9","4.8","5.0","2 km ke institut teknologi bandung"
"Kost Apik Setiabudi Damar Home Tipe A Bandung 153689AS","putra","Kasur, meja, lemari, bantal","KM. luar, shower, Wifi, penjaga kos, dapur, parkir motor","Rp.835.000/bulan","4.3","4.3","4.3","4.0","4.3","4.3","4.3","1.7 km ke institut teknologi bandung"
"Kost Singgahsini Sangkuriang 19 Tipe C Dago Bandung 379512AS","putra","kasur, meja, lemari, kursi, bantal, KM.dalam, shower, air panas","Listrik, wifi, R.tamu, dapur, dispenser, KM.luar, parkir mobil, parkir motor","Rp. 1.592.000/bulan","5.0","5.0","5.0","4.5","4.7","4.7","4.8","957km ke Universitas Katolik Parahyangan"
"Kost Singgahsini Sangkuriang 19 Tipe A Dago Bandung 389715AS","putra","kasur, meja, lemari, kursi, bantal","Listrik, KM.luar, shower, air panas, wifi, R.tamu, Dapur, Dispenser, parkir mobil, parkir motor","Rp. 1.450.000/bulan","4.8","4.8","4.9","4.3","4.6","4.7","4.6","957km ke Universitas Katolik Parahyangan"
"Kost Apik Lusya Cihampelas Walk Tipe C Sukajadi Bandung KC945EH9","putri","Kasur, Ventilasi, Bantal, Jendela","KM.luar, Ember mandi, wifi, R.tamu, penjaga kos, R.jemur, dapur, parkir motor, parkir sepeda","Rp. 1.022.500/bulan","","","","","","","","964m ke institut teknologi bandung"
"Kost Apik Pondok Paskal Tipe A Cicendo Bandung VZ57ML16","campur","kasur, lemari, ventilasi, bantal, jendela","listrik, KM.luar, ember mandi, penjaga kos, R.jemur, Dapur, parkir motor, parkir sepeda","Rp. 804.000/bulan","4.6","4.6","4.6","4.4","4.6","4.5","4.6","1.2 km ke Universitas Islam Bandung"
"Kost Apik Ciumbuleuit 1 Tipe A Cidadap Bandung HQK9198V","campur","kasur, meja, lemari, bantal, guling","Listrik, Km.luar, ember mandi, bak mandi, Wifi, parkir motor, parkir sepeda","Rp. 690.000/bulan","4.9","5.0","5.0","4.9","5.0","4.9","4.9","1.6 km ke institut teknologi bandung"
"Kost Apik Banuarto Cisitu Lama Tipe A Coblong Bandung MTB89B84","campur","kasur, meja, lemari, ventilasi, bantal","Listrik, KM.luar, ember mandi, Wifi, R.tamu, Penjaga kos, R.jemur, Dapur","Rp. 775.000/bulan","4.7","4.7","4.7","4.3","4.3","4.7","4.5","1.1 km ke Institut Teknologi Bandung"
"Kost Apik Kebon Bibit 21 Tipe E Taman Sari Bandung 2QE1E29T","putri","kasur, meja, lemari, kursi, banatal","Listrik, KM.luar, shower, Wifi, R.tamu, Mesin cuci, R.makan, R.jemur, parkir mobil, parkir motor, parkir sepeda","Rp.785.000/bulan","5.0","5.0","5.0","5.0","5.0","5.0","5.0","800 m ke Institut teknologi bandung"
"Kost Apik PUMA Ciwalk Tipe A Coblong Bandung S31ZR45L","campur","AC, kasur, meja, TV, Meja rias, KM dalam, wastafel, shower, air panas","Listrik, Wifi, R.tamu, Penjaga kos, TV, CCTV, parkir motor, parkir mobil, parkir sepeda","Rp. 2.825.000/bulan","5.0","5.0","5.0","5.0","4.0","4.0","4.6","804 m ke Institut Teknologi Bandung"
"Kost Febi Tipe A Lowokwaru Malang 374LA","Putra","Kasur, Meja, Lemari Baju, Kursi, Bantal, Jendela","Listrik, KM. Luar, Ember Mandi, Wifi, R.Cuci, R.Tamu, Penjaga Kos, R.Makan, R.Jemur, R.Santai, Dapur, Parkir Motor","Rp. 750.000/bulan","5.0","5.0","5.0","5.0","5.0","5.0","5.0","818 m Ke UB"
"Kost M Panjaitan Klojen Malang 796MP","Putri","Kasur, Meja, TV, Lemari Baju, Kursi, Jendela, KM. Dalam, Shower, Air Panas","Listri, Wifi, R.Cuci, Kulkas, Mesin Cuci, R.Makan, R.Jemur, Dapur, CCTV, Jemuran, Parkir Motor.","Rp. 900.000/bulan","5.0","5.0","5.0","5.0","5.0","5.0","5.0","569 m Ke UB"
"Kost Flambo House Lowokwaru Malang CQ230KH9","Putri","Kasur, Meja, TV, Kulkas, Lemari Baju, Ventilasi, Bantal, Guling, Jendela, Kursi, KM.Dalam, Shower, Air Panas.","Listrik, Wifi, Kulkas, Penjaga Kos, R.Jemur, Dapur, Parkir Motor","Rp. 1000.000/bulan","5.0","4.0","5.0","4.0","4.0","4.0","4.4","1.5 km Ke UB"
"Kost Griya Manggar Tipe B Lowokwaru Malang 750ZE","Putra","Kasur, Lemari Baju, Ventilasi, Kursi, Bantal","Listrik, Wifi, R.Cuci, R.Jemur, Mushol, Dapur, KM. Luar, Bak Mandi, Parkir Motor","Rp. 500.000/bulan","1.3","1.6","2.2","2.5","1.3","1.6","1.8","1.7 km Ke UM"
"Kost Griya Manggar Tipe C Lowokwaru Malang 541DD","Putra","Kasur, Lemari Baju, Ventilasi, Kursi, Bantal, Guling, ","Listrik, KM. Luar, Bak Mandi, Wifi, R.Cuci, R.Jemur, Mushola, Dapur, KM. Luar, Pengurus Kos, Jemuran, CCTV, Parkir Motor","Rp. 525.000/bulan","1.9","1.9","2.5","1.9","1.3","1.3","1.8","1.7 km Ke UM"
"Kost Argopuro Klojen Malang S445UB8D","Putra","Kasur,  AC, Meja, Dispenser, TV, Meja Rias, Lemari Baju, Kulkas, Kursi, Cleaning Service, KM.Dalam, Shower, Air Panas","Wifi, R.Cuci, Kulkas, Mesin Cuci, Laundry, R. Jemur, Dapur, TV, Taman, Parkir Mobil dan Motor","Rp. 1.850.000","1.0","2.0","5.0","1.0","3.0","3.0","2.5",""
"Kost Griya Manggar 1 Lowokwaru Malang DQD56J69","Putra","Kasur, Meja, Lemari Baju, Ventilasi, Bantal, Jendela, ","Listrik, KM. Luar, Bak Mandi, Wifi, R.Cuci, R.Jemur, Dapur, CCTV, Jemuran, KM. Luar, Pengurus Kos, Parkir Motor","Rp. 400.000/bulan","1.0","2.0","5.0","1.0","2.0","1.0","2.0","1.7 km Ke UM"
"Kost Dekat UB Akordion Lowokwaru Malang 932KP","Putra","Kasur, Meja, Lemari Baju, Ventilasi, Kursi","Wifi, R.Cuci, R.Tamu, Mesin Cuci, Penjaga Kos, KM. Luar, Parkir Motor","Rp. 550.000/bulan","4.0","4.0","5.0","4.0","3.0","3.0","3.9","1.3 km Ke UNISMA"
"Kost Omah Lantip Tipe A Dau Malang 127854MO","Putra","Kasur, Meja, Lemari Baju, Ventilasi, Kursi","Listrik, KM. Luar, Shower, Wifi, Kulkas, R.Cuci, R.Makan, R.Jemur, Parkir Motor","Rp. 650.000/bulan","5.0","5.0","5.0","5.0","5.0","5.0","5.0","4.1 km Ke UMM"
"Kost Landungsari Dau Malang 920HD","Putra","Kasur, Meja, Lemari Baju, Ventilasi, Kursi","Listrik, KM. Luar, Wastafel, Ember Mandi, Wifi, R.Cuci, R.Tamu, R.Jemur, R.Santai, Parkir Motor","Rp. 750.000/bulan","5.0","5.0","5.0","5.0","5.0","5.0","5.0","4.3 km Ke UMM"
"Kost Hidden I Tipe Single Sukun Malang H152SE9F","Putra","Kasur, Meja, Lemari Baju, Bantal, Jendela","Listrik, KM.Luar, Wifi, Kulkas, Dapur, KM. Luar, Rice Cooker, Parkir Mobil dan Motor","Rp. 550.000/bulan","5.0","5.0","5.0","5.0","5.0","5.0","5.0","1.6 km Ke  UB"
"Kost Palasari Kav 6 Sukun Malang 158269PK","Putra","Kasur, Meja, Lemari Baju, Cleaning Service, TV Kabel","Listrik, KM. Luar, Shower, Wifi, R.Tamu, Penjaga Kos, R.Jemur, Dapur, TV, Taman, Balcon, Parkir Mobil dan Motor","Rp. 650.000/bulan","5.0","5.0","3.8","3.8","3.8","3.8","4.1","943 m Ke UMM"
"Kost Bantaran IIID Lowokwaru Malang 798BI","Putra","Kasur, Lemari Baju, Kipas Angin","Listrik, KM.Luar, Bak Mandi, Wifi, R.Cuci, R.Jemur, Dapur, KM. Luar, Parkir Mobil dan Motor","Rp. 550.000/bulan","5.0","5.0","5.0","5.0","5.0","5.0","5.0","2.2 km Ke POLINEMA"
"Kost Citihome Tipe A Lowokwaru Malang 628CI","Putra","Kasur, Meja, Lemari Baju, Kursi, Kipas Angin","Listrik, KM. Luar, Shower, Wifi, R.Cuci, R.Tamu, Mesin Cuci, Penjaga Kos, Parkir Motor","Rp. 650.000/bulan","3.8","3.8","4.6","5.0","5.0","4.6","4.5","2.5 km Ke POLINEMA"
"Kost Eleven A Klojen Malang 8B8ZZ6B6","Putra","Kasur, Meja, Dispenser, Lemari, Baju, Kulkas","Listrik, KM.Luar, Wastafel, Ember Mandi, Wifi, Kulkas, R.Tamu, Penjaga Kos, Laundry, Parkir Motor","Rp. 1.100.000/bulan","5.0","5.0","5.0","5.0","5.0","4.6","4.9","996 m Ke UNMER"
"Kost Pekalongan Satu Tipe A Klojen Malang M87DH3F7","Putra","Kasur, Meja, Lemari Baju, Ventilasi, Bantal","Listrik, KM. Luar, Shower, Wifi, R.Cuci, Penjaga Kost, R. Jemur, Dapur, Parkir Motor","Rp. 750.000/bulan","5.0","4.8","5.0","4.8","5.0","4.8","4.9","637 m Ke UM"
"Kost Pak Sutadi Tipe A Klojen Malang G11M5P3H","Putra","Kasur, Meja, Lemari Baju, Ventilasi, Bantal","Listrik, KM. Luar, Ember Mandi, R. Jemur, Jemuran, KM  Luar, Pengurus Kos, Parkir Motor","Rp. 375.000/bulan","4.0","5.0","3.0","5.0","5.0","5.0","4.5",""
"Kost Mbah Uti Tipe A Klojen Malang J6YJ1C33","Putra","Kasur, Meja, Lemari Baju, Ventilasi, Jendela","Listrik, KM. Luar, Bak Mandi, Wifi, Kulkas, Dapur, Dispenser, Jemuran, Parkir Motor","Rp. 650.000/bulan","5.0","5.0","5.0","5.0","5.0","5.0","5.0",""
"Kost Latansa Tipe B Klojen Malang 763158LB","Putri","Kasur, Meja, Lemari Baju, Ventilasi, Kursi","Listrik, KM. Luar, Bak Mandi, Wifi, R. Cuci, Kulkas, R. Tamu, Penjaga Kos, Parkir Mobil dan Motor.","Rp. 500.000/bulan","5.0","5.0","5.0","5.0","5.0","5.0","5.0","610 m Ke UNMER"
"Kost Azzahra Klojen Malang 793426AK","Putri","Kasur, Meja, Meja Rias, Lemari Baju, Kursi","KM. Luar, Ember Mandi, Wifi, R.Cuci, R. Tamu, R. Jemur, R. Santai, Parkir Mobil dan Motor","Rp. 500.000/bulan","2.0","4.0","4.0","5.0","4.0","4.0","3.0",""
"Kost Bendungan Sutami Lowokwaru Malang 535AN","Putri","Kasur, Lemari Baju, Ventilasi, Jendela","Listrik, KM. Luar, Wifi, R.Jemur, CCTV, Parkir Motor","Rp. 600.000/bulan","5.0","5.0","5.0","5.0","5.0","5.0","5.0","437 m Ke UM"
"Kost Griyasanta C 245 Tipe A Lowokwaru Malang 795CH","Putri","Kasur, Meja, Lemari Baju, Kursi","Listrik, KM.Luar, Shower, Wifi, R. Cuci, R. Jemur, Dapur, KM. Luar","Rp. 600.000/bulan","5.0","4.0","5.0","5.0","5.0","4.0","4.6","1.1 km Ke POLINEMA"
"Kost Taman Landungsari Indah AA Type A Dau Malang 163HH","Putri","Kasur, Meja, Lemari Baju, Ventilasi, Bantal","Listrik, KM. Luar, Wastafel, Shower, Wifi, R. Cuci, Kulkas, R. Tamu, Penjaga Kos, Parkir Mobil dan Motor","Rp. 550.000/bulan","4.6","4.2","4.6","4.2","4.2","4.2","4.3","4.3 km Ke UMM"
"Kost Apik 251 Raya Candi Tipe B Sukun Malang 79Z7ER5F","Putri","Kasur, Lemari Baju, Ventilasi, Bantal, Cermin","Listrik, KM.Luar, Ember Mandi, Wifi, R. Tamu, Penjaga kos, Dapur, Parkir Mobil dan Motor","Rp. 802.000/bulan","4.5","4.5","4.5","4.5","4.5","4.5","4.5","1.2 km Ke UMM"
"Kost Apik Prasanjaya Tipe A Lowokwaru Malang S9MT44K1","Putri","Kasur, Meja, Lemari Baju, Ventilasi,Kursi","Listrik, KM. Luar, Bak Mandi, Wifi, Kulkas, Penjaga Kos, R.Makan, R.Jemur, Parkir Motor","Rp. 913.000/bulan","5.0","5.0","5.0","4.7","5.0","5.0","5.0","694 UIN Malang"
"Kost Apik Ulfah MT Haryono Tipe A Lowokwaru Malang 474RPH3L","Putri","Kasur, Meja, Lemari Baju, Bantal, Cermin","Listrik, KM.Luar, Wifi, R.Jemur, Jemuran, Parkir Motor","Rp. 813.750/bulan","5.0","5.0","5.0","4.9","5.0","4.8","5.0","751 m Ke POLINEMA"
"Kost House Of California Lowokwaru Malang 154678HO","Putri","Kasur, Meja, Dispenser, Meja Rias, Lemari Baju","Listrik, KM. Luar, Wastafel, Shower, Air Panas, Wifi, R.Cuci, Kulkas, R. Tamu, Penjaga Kos, Parkir Mobil dan Motor","Rp. 1000.000/bulan","5.0","3.8","3.8","3.8","4.4","5.0","4.3","561 m Ke UMM"
"Kost Griya Prima Tipe A Lowokwaru Malang PK19T0B0","Putra","Kasur, Meja, Lemari Baju, Ventilasi, Cermin","Listrik, KM. Luar, Shower, Wifi, R.Cuci, Penjaga Kost, R. Jemur, Dapur, Parkir Motor","Rp. 850.000/bulan","5.0","4.7","5.0","5.0","4.7","5.0","4.9","450 m Ke UIN Malang"
"Kost Kuning Lowokwaru Malang 298175KH","Putri","Kasur, Meja, Lemari Baju, Kursi, KM. Dalam, Ember Mandi","Listrik, Wifi, Kulkas, R.Tamu, Penjaga Kos, R.Jemur, Parkir Mobil dan Motor","Rp. 800.000/bulan","4.1","3.4","3.6","4.6","4.8","4.1","4.1","736 m Ke UNISMA"
"Kost Muslim Pak Munawar Lowokwaru Malang RAG6Q588","Putra","Kasur, Meja, Lemari Baju, Ventilasi, Jendela","Listrik, KM. Luar, Wifi, R.Jemur, Dapur, Balcon CCTV, Parkir Motor","Rp. 600.000/bulan","5.0","5.0","5.0","5.0","5.0","5.0","5.0","199 m Ke UIN Malang"
"Kost A5 Tipe A Lowokwaru Malang 891742AK","Putra","Kasur, Meja, Lemari Baju, Bantal, Jendela","Listrik, KM. Luar, Wifi, Penjaga Kos, CCTV, KM.Luar, R. Keluarga","Rp. 950.000/bulan","5.0","5.0","5.0","5.0","5.0","5.0","5.0","258 m Ke POLINEMA"
"Kost Biru Sigura Gura Sukun Malang EPA40K01","Putra","AC, Kasur, Meja, TV, Lemari Baju, KM. Dalam, Shower, Air Panas","Wifi, Mushola, Dapur, CCTV, Jemuran","Rp. 1.400.000/bulan","5.0","5.0","5.0","5.0","5.0","5.0","5.0",""
"Kost Alma Tipe A Lowokwaru Malang 857AL","Putri","Kasur, Meja, Lemari Baju, Kursi","Listrik, KM. Luar, Wastafel, Ember Mandi, Wifi, R. Cuci, R. Tamu, R. Jemur, R. Santai, Parkir Motor","Rp. 550.000/bulan","5.0","5.0","5.0","5.0","5.0","5.0","5.0","618 m Ke UNISMA"
"Kost D Lowokwaru Malang 5FBX937C","Putri","Kasur, Meja, Lemari Baju, Ventilasi, Bantal.","Listrik, KM. Luar, Bak Mandi, Wastafel, Wifi, Kulkas, Penjaga Kos, R. Jemur, Dapur, Parkir Motor","Rp. 750.000/bulan","5.0","5.0","5.0","5.0","5.0","5.0","5.0","1.7 km Ke UIN Malang"
"Kost Keramik Anang Tipe B Lowokwaru Malang 598327PM","Putri","Kasur, Meja, Lemari Baju, Kursi, Cleaning Service","Listrik, KM. Luar, Bak Mandi, Wifi, R. Cuci, Kulkas, R. Tamu, R. Jemur, Parkir Motor","Rp. 575.000/bulan","4.0","4.5","4.5","5.0","4.5","4.5","4.5","1.2 km Ke UB"
"Kost Sengguruh 14 Tipe B Lowokwaru Malang R8TR229Y","Putra","Kasur, Meja, Lemari Baju, Ventilasi, Bantal","Listrik, KM. Luar, Bak Mandi, Wifi, R. Cuci, Penjaga Kos, R. Jemur, KM. Luar, Parkir Motor","Rp. 600.000/bulan","5.0","4.0","5.0","4.0","4.0","4.0","4.4","606 m Ke UMM"
"Kost Muslimah 869 Tipe A Lowokwaru Malang K93J9LS7","Putri","Kasur, Meja, Kulkas, Bantal, Guling","Listrik, KM. Luar, Ember Mandi, Wifi, Kulkas, R.Jemur, R.Santai, Dapur, Parkir Motor","Rp. 670.000/bulan","5.0","5.0","5.0","5.0","5.0","5.0","5.0","711 m Ke UNISMA"
"Kost Sengguruh 14 Tipe A Lowokwaru Malang GQ3756QB","Putra","Kasur, Meja, Lemari Baju, Ventilasi, Bantal","Listrik, KM. Luar, Ember Mandi, Wifi, R. Cuci, Penjaga Kos, R. Jemur, Parkir Motor","Rp. 650.000/bulan","4.5","4.0","5.0","4.0","4.0","4.5","4.4","606 m Ke UMM"
"Kost Putra JoyoBrother Malang 70BBV48H","Putra","Kasur, Meja, Lemari Baju, Kursi","Listrik, KM. Luar, Bak Mandi, R. Jemur, Parkir Motor","Rp. 800.000/bulan","5.0","5.0","5.0","5.0","5.0","5.0","5.0","1.2 km Ke UNISMA"
"Kost Senggani 39 Lowokwaru Malang 0K0H4VB9","Putra","Kasur, Meja, Lemari Baju","Listrik, KM. Luar, Bak Mandi, Wifi, R. Cuci, R. Jemur, Dapur, Balcon, Parkir Motor","Rp. 800.000/bulan","4.0","5.0","4.0","4.0","4.0","4.0","4.1","239 m Ke POLINEMA"
"Kost Chus Nur Syah Tipe Ekonomi Lowokwaru Malang 7FA62DA9","Putri","Kasur, Meja, Lemari Baju, Kursi, Bantal","Listrik, KM. Luar, Shower, Wifi, R. Jemur, R. Santai, Dapur, TV","Rp. 350.000/bulan","5.0","5.0","5.0","5.0","5.0","5.0","5.0","1.2 km Ke UIN Malang"
"Kost Puri Gajayana Lowokwaru Malang 146839PG","Putri","Kasur, Meja, Lemari Baju, Ventilasi, Kursi, KM. Dalam, Bak Mandi","Listrik, Wifi, R.Tamu, R.Jemur, Dapur, Parkir Motor","Rp. 900.000/bulan","3.0","3.0","3.0","4.0","4.0","4.0","3.5","998 m Ke POLINEMA"
"Kost 254C Lowokwaru Malang 796158KO","Putra ","Kasur, Meja, Lemari Baju, Ventilasi, Bantal","Listrik, KM. Luar, Shower, Wastafel, Wifi, R. Cuci, R. Tamu, Mushola, R. Jemur","Rp. 725.000/bulan","5.0","5.0","5.0","4.8","4.6","4.6","4.9","385 m Ke UB"
"Kost Kembang Kertas 16 Lowokwaru Malang 453126KK","Putri","Kasur, Meja, Lemari Baju, Ventilasi, Bantal, Cermin, Guling, Jendela, Kursi, KM. Dalam, Shower","Listrik, Wifi, Kulkas, Penjaga Kos, R. Tamu, R. Jemur, R. Santai, Dapur, Dispenser, Balcon, Jemuran, Parkir Motor","Rp. 1.100.000/bulan","5.0","5.0","5.0","5.0","5.0","5.0","5.0","489 m Ke POLINEMA"
"Kost Pondok Kopi Estate 28 Tipe C Lowokwaru Malang 474RQ","Putri","Kasur, Meja, Lemari Baju, Kipas Angin","Listrik, KM. Luar, Ember Mandi, Wifi, Kulkas, Penjaga Kos, Laundry, R. Santai, Parkir Motor","Rp. 1.000.000/bulan","5.0","5.0","5.0","5.0","5.0","5.0","5.0","784 m Ke POLINEMA"
"Kost Griya Ar Lowokwaru Malang 183942GA","Putra","Kasur, Meja, Meja Rias, Lemari Baju, Kursi, KM. Dalam, Shower","Listrik, Wifi, R. CUCI, Kulkas, R. Tamu, Mesin Cuci, Parkir Motor","Rp. 1.000.000/bulan","5.0","5.0","5.0","5.0","5.0","5.0","5.0","494 m Ke POLINEMA"
"Kost Putri Griya Shanta Lowokwaru Malang 813PG","Putri","Kasur, Meja, Meja Rias, Lemari Baju, Ventilasi","Listrik, KM. Luar, Shower, Wifi, R. Cuci, Kulkas, R. Tamu, Penjaga Kos, Parkir Motor","Rp. 725.000/bulan","5.0","5.0","5.0","5.0","5.0","5.0","5.0","1.2 km Ke POLINEMA "
"Kost Anisa Lowokwaru Malang 5K9A6J4L","Putri","Kasur, Meja, Lemari Baju, Kursi"," KM. Luar, Ember Mandi","Rp. 550.000/bulan","5.0","5.0","5.0","5.0","5.0","5.0","5.0","498 m Ke POLINEMA"
"Kost Aza Moslem Lowokwaru Malang 9U9K8MY5","Putri","Kasur, Meja, Lemari Baju, KM. Dalam, Shower","Listrik, Wifi, R. Cuci, Kulkas, R. Tamu, R. Jemur, Parkir Motor","Rp. 1.000.000/bulan","5.0","5.0","5.0","5.0","5.0","5.0","5.0","695 m Ke POLINEMA"
"Kost Apik Lusya Cihampelas Walk Tipe D Sukajadi Bandung 4BT24CT3","Putri","Kasur, Ventilasi, Bantal, Jendela, KM. Dalam, Shower","Wifi, R. Tamu, Penjaga Kos, R. Jemur, Dapur, Parkir Motor","Rp. 927.000/bulan","5.0","5.0","5.0","5.0","5.0","5.0","5.0","964 m Ke ITB"
"Kost Singgahsini Widuri Tipe A Coblong Bandung ZMM27F03","Putri","Kasur, Meja, Lemari Baju, Ventilasi, Kursi, KM. Dalam, Shower, Wastafel","Wifi, Kuklas, R. Tamu, Penjaga Kos, R. Jemur, Parkir Motor","Rp. 1.051.000/bulan","4.8","4.8","4.9","4.8","4.8","4.8","4.8","768 m Ke UNPAD Dipatiukur"
"Kost Apik Kebon Bibit 21 Tipe D Taman Sari Bandung 54BR0GF7","Putri","Kasur, Meja, Lemari Baju, Kursi, Bantal","Listrik, KM. Luar, Shower, Wifi, R. Tamu, Mesin Cuci, R. Makan, R. Jemur","Rp. 842.000/bulan","4.2","4.8","4.6","4.8","4.6","4.6","4.6","800 m Ke ITB"
"Kost Apik Setiabudi Damar Home Tipe C Bandung 153689AI","Putra","Kasur, Meja, Lemari Baju, Bantal, Jendela","KM. Luar, Shower, Wifi, Penjaga Kos, Dapur, Parkita Motor","Rp. 1.072.000/bulan","4.9","4.8","4.9","4.9","4.9","4.9","4.9","1.7 km Ke ITB"
"Kost Apik Setiabudi Damar Home Tipe B Bandung 153689AP","Putra","Kasur, Meja, Lemari Baju, Bantal, Jendela","KM. Luar, Shower, Wifi, Penjaga Kos, Dapur, Parkita Motor","Rp. 1.025.000/bulan","4.7","4.7","4.8","4.5","4.7","4.4","4.6","1.7 km Ke ITB"
"Kost Apik Teduh Sukaluyu Tipe B Cibeunying Kaler Bandung 554P9UMG","Putra","Kasur, Meja, Lemari Baju, Bantal, Jendela","Listrik, KM. Luar, Ember Mandi, Wifi, R. Jemur, Dapur, Parkir Motor","Rp. 832.500/bulan","4.7","4.8","4.9","4.7","4.4","4.4","4.6","912 m Ke ITB"
"Kost Apik Setiabudi Damar Home Tipe A Bandung 153689AS","Putra","Kasur, Meja, Lemari Baju, Bantal","KM. Luar, Wifi, Penjaga Kos, Dapur, Parkir Motor","Rp. 835.000/bulan","4.3","4.3","4.3","4.0","4.3","4.3","4.3","1.7 km Ke ITB"
"Kost Singgahsini Sangkuriang 19 Tipe C Dago Bandung 379512AS","Putra","Kasur, Meja, Lemari Baju, Kursi, Bantal, KM. Dalam, Shower, Air Panas","Listrik, Wifi, R.Tamu, Dapur, Dispenser, KM. Luar, Parkir Mobil dan Motor","Rp. 1.592.00/bulan","5.0","5.0","5.0","4.5","4.7","4.7","4.8","957 m Ke Univ. Katolik Parahyangan"
"Kost Singgahsini Sangkuriang 19 Tipe A Dago Bandung 389715AS","Putra","Kasur, Meja, Lemari Baju, Kursi, Bantal","Listrik, KM. Luar, Shower, Air Panas, Wifi, R. Tamu, Dapur, Dispenser, Parkir Mobil dan Motor","Rp. 1.450.000/bulan ","4.8","4.8","4.9","4.3","4.6","4.7","4.6","957 m Ke Univ. Katolik Parahyangan"
"Kost Apik Pondok Paskal Tipe A Cicendo Bandung VZ57ML16","Campur","Kasur, Lemari Baju, Ventilasi, Bantal, Jendela","Listrik, KM. Luar, Ember Mandi, Penjaga Kos, R. Jemur, Dapur, KM. Luar, Parkir Motor","Rp. 804.000/bulan","4.6","4.6","4.6","4.4","4.6","4.5","4.6","1.2 km Univ. Islam Bandung"
"Kost Apik Ciumbuleuit 1 Tipe A Cidadap Bandung HQK9198V","Campur","Kasur, Meja, Lemari Baju, Bantal, Guling","Listrik, KM. Luar, Bak Mandi, Wifi, Parkir Motor","Rp. 690.000/bulan","4.9","5.0","5.0","4.9","5.0","4.9","4.9","1.6 km Ke ITB"
"Kost Apik Lin Tubagus Ismail Tipe A Coblong Bandung 1M31XCZ4","Putri","Kasur, Meja, Lemari Baju, Bantal, Guling","Listrik, KM. Luar, Ember Mandi, Wifi, Penjaga Kos, R. Jemeur, Dapur, CCTV, Parkir Motor","Rp. 927.000/bulan","4.5","4.7","4.8","4.5","4.8","4.1","4.6","875 m Ke ITB"
"Kost Apik Banuarto Cisitu Lama Tipe A Coblong Bandung MTB89B84","Campur ","Kasur, Meja, Lemari Baju, Ventilasi, Bantal","Listrik, KM. Luar, Ember Mandi, Wifi, R. Tamu, Penjaga Kos, R. Jemur, Dapur, Parkir Motor","Rp. 775.500/bulan","4.7","4.7","4.7","4.3","4.3","4.7","4.5","1.1 km Ke ITB"
"Kost Apik Djuanda 197B Dago Tipe B Coblong Bandung TA5M557D","Putra","Kasur, Meja, Lemari Baju, Bantal, Cermin, KM. Dalam, Shower","Listrik, Wifi, Kulkas, R. Tamu, R. Jemur, KM. Luar, Parkir Motor","Rp. 1.375.000/bulan","5.0","5.0","5.0","5.0","5.0","5.0","5.0","1.1 km Ke ITB"
"Kost Apik Kebon Bibit 21 Tipe E Taman Sari Bandung 2QE1E29T","Putri","Kasur, Meja, Lemari Baju, Kursi, Bantal","LM. Luar, Shower, Wif, R. Tamu, Mesin Cuci, R. Makan, R. Jemur, Parkir Mobil dan Motor","Rp. 785.0000/bulan","5.0","5.0","5.0","5.0","5.0","5.0","5.0","800 m Ke ITB"
"Kost Singgahsini Widuri Tipe B Coblong Bandung 683AX5KU","Putri","Kasur, Meja, Lemari Baju, Ventilasi, Kursi","KM. Luar, Shower, Wifi, Kulkas, R. Tamu, Penjaga Kos, R. Jemur, Parkir Motor","Rp. 835.000/bulan","5.0","5.0","5.0","4.8","5.0","5.0","5.0","764 m Ke UNPAD"
"Kost Singgahsini Sadang Green Tipe C Coblong Bandung 3NPZ51T5","Campur","Kasur, Meja, Lemari Baju, Kursi, KM. Dalam, Shower, Air Panas","Wifi, R. Jemur, Dapur, CCTV, Parkir Mobil dan Motor","Rp. 1.375.000/bulan","5.0","5.0","4.8","4.8","5.0","4.8","4.9","872 m Ke UNPAD"
"Kost Teh Lia Tipe A Coblong Bandung 623TL","Putra","Kasur, Lemari Baju, Bantal, Cermin","Listrik, KM. Luar, Ember Mandi, Penjaga Kos, R. Jemur, Mushola, Dapur, Parkir Motor","Rp. 725.000/bulan","5.0","5.0","5.0","5.0","5.0","5.0","5.0",""
"Kost Pondok Bunga Tipe C Cibeunying Kaler Bandung 2P7TAR23","Putri","Kasur, Lemari Baju, Ventilasi, Jendela","Listrik, KM. Luar, Shower, Wifi, Penjaga Kos, R. Tamu, Mushola, R. Makan, Parkir Motor","Rp. 650.000/bulan","5.0","5.0","5.0","5.0","5.0","5.0","5.0","1.2 km Ke UNPAD"
"Kost Rusyana Tipe A Coblong Bandung","Putra","Kasur, Meja, Lemari Baju, Kursi","Listrik, KM. Luar, Wifi, Dapur, Parkir Mobil","Rp. 850.000/bulan","4.4","5.0","5.0","3.8","5.0","5.0","4.8","773 m Ke Univ. Katolik Parahtangan"
"Kost 35 Coblong Bandung ZGF684L4","Campur","Kasur, Meja, Lemari Baju, Bantal, Cermin","Listrik, KM. Luar, Wifi, Jemuran, Balcon, Parkir Motor","Rp. 700.000/bulan","5.0","5.0","5.0","5.0","4.0","5.0","4.9","584 m Ke UNPAD"
"Kost Ela 21 Tipe C Coblong Bandung 5EA72N7M","Putra","Kasur, Lemari Baju, Bantal, Jendela, Guling","KM. Luar, Ember Mandi, R. Jemur, Jemuran, KM. Luar","Rp. 650.000/bulan","5.0","5.0","5.0","4.0","5.0","5.0","4.9","480 m Ke ITB"
"Kost Tirda Tipe A Coblong Bandung 586312TC","Putri","Kasur, Meja, Lemari Baju, Ventilasi, Bantal","Listrik, KM. Luar, Shower, Wifi, Kulkas, R. Cuci, Laundry, Penjaga Kos, Parkir Motor","Rp. 720.000/bulan","4.5","4.5","4.6","4.6","4.5","4.5","4.5","318 m Ke UNPAD"
"Kost Nangkasuni 47F Pondok Kanz Putra Coblong Bandung 521KC","Putra","Kasur, Meja, Lemari Baju, Ventilasi, Kursi","Listrik, KM. Luar, Shower, Wifi, R. Cuci, Kulkas, R. Tamu, Penjaga Ko, Parkir Motor","Rp. 915.000/bulan","5.0","4.0","5.0","4.0","4.0","3.3","4.3","1.0 km Ke ITB"
"Kost River Side Tipe A Coblong Bandung 136RS","Putra","Kasur, Meja, Lemari Baju, Ventilasi, Kursi","Listrik, KM. Luar, Shower, Wifi, R.Cuci, Kulkas, R. Tamu, Penjaga Kos, Parkir Motor","Rp. 830.000/bulan","5.0","5.0","5.0","5.0","5.0","5.0","5.0","1.3 km Ke ITB"
"Kost Bagusrangin Tipe A Coblong Bandung 854BB","Putri","Kasur, Meja, Lemari Baju, Ventilasi, Cermin","Listrik, KM. Luar, Bak Mandi, Wifi, R. Cuci, Kulkas, Penjaga Kos, R. Makan","Rp. 900.000/bulan","5.0","4.5","4.8","5.0","5.0","4.8","4.9","458 m Ke UNPAD"
"Kost Green House 78 Tipe B Coblong Bandung 873965GR","Putra","Kasur, Meja, Lemari Baju, Ventilasi, Bantal, KM. Dalam, Ember Mandi","Listrik, Wifi, KM. Luar, Jemuran, Pengurus Kos, Parkir Motor","Rp. 900.000/bulan","5.0","5.0","4.7","3.8","4.5","4.4","4.6","619 m Ke ITB"
"Kost Keluarga Cemara Sukajadi Bandung 247WV","Campur","Kasur, Meja","Listrik, KM. Luar, Ember Mandi, Wifi, Penjaga Kos, R. Jemur, Dapur, Parkir Motor","Rp. 700.000/bulan","4.7","4.7","4.7","4.3","5.0","5.0","4.8","2.1 km Ke UNPAD"
"Kost Tawekal 3 Sukajadi Bandung 723918TS","Putri","Kasur, Meja, Lemari Baju, Kursi","KM. Luar, Ember Mandi, Shower, Wifi, R.Jemur, Dapur, Parkir Motor","Rp. 800.000/bulan","5.0","5.0","5.0","5.0","5.0","5.0","5.0","1,9 km Ke UNPAD"
"Kost Wisma Arafah Dipati Ukur Coblong Bandung 138247WA","Putra","Kasur, Meja, Lemari Baju","Listrik, KM. Luar, Ember Mandi, Wastafel, Wifi, Penjaga Kos, Balcon, Jemuran","Rp. 750.000/bulan","4.0","4.0","5.0","5.0","4.0","3.0","4.1","672 m Ke UNPAD"
"Kost Bapak Mintoro Bandung Wetan 631589BM","Putra","Kasur, Meja, Lemari Baju, Ventilasi, Bantal, KM. Dalam, Shower","Listrik, Wifi, R. Jemuran, Balcon, Jemuran, Pengurus Kos","Rp. 1.000.000/bulan","5.0","5.0","5.0","5.0","4.4","4.4","4.8","601 m Ke ITB"
"Kost Cemara Sejuk Tipe Executive Coblong Bandung KXD06F22","Putra","Kasur, Lemari Baju, Ventilasi, Bantal, Guling","Listrik, KM. Luar, Shower, Wifi, Mushola, R.Jemur, R. Santai, Dispenser","Rp. 900.000/bulan","5.0","5.0","5.0","5.0","5.0","4.0","4.9","1.1 km Ke ITB"
"Kost Ibu Tandjung Tipe Regular B Coblong Bandung 19UN0LB8","Putri","Kasur, Meja, Lemari Baju, Kursi","Listrik, KM. Luar, Ember Mandi, Wifi, Kulkas, Laundry, Mesin Cuci, Penjaga Kos, Parkir Motor","Rp. 1.100.000/bulan","4.0","4.0","5.0","3.0","4.0","3.0","3.9","437 m Ke ITB"
"Kost River Side Tipe A Coblong Bandung 136RS","Putra","Kasur, Meja, Lemari Baju, Ventilasi, Kursi","Listrik, KM. Luar, Shower, Wifi, R. Cuci, Kulkas, R. Tamu, Penjaga Kos, Parkir Motor","Rp. 830.000/bulan","5.0","5.0","5.0","5.0","5.0","5.0","5.0","1.3 km Ke ITB"
"Kost Tirda Tipe A Coblong Bandung 586312TC","Putri","Kasur, Meja, Lemari Baju, Ventilasi, Bantal","Listrik, KM. Luar, Shower, Wifi, Kulkas, R. Cuci, Luandry, Penjaga Kos, Parkir Motor","Rp. 720.000/bulan","4.5","4.5","4.6","4.6","4.5","4.5","4.5","381 m Ke UNPAD"
"Kost Griya Manggar 1 Lowokwaru Malang DQD56J69","Putra","Kasur, Meja, Lemari, Ventilasi, Bantal","KM Luar, Wifi, Ruang Cuci, Ruang Jemur, Dapur, CCTV, Listrik, Parkir Motor","Rp. 400.000/bulan","1.0","2.0","5.0","1.0","2.0","1.0","2.0","1,7 km dari UM"
"Kost Muslimah Bantaran 49 Lowokwaru Malang 718245MB","Putri","Kasur, Meja, Dispenser, Meja Rias, Lemari","KM Luar, Wifi, Ruang Tamu, Laundry, Ruang Jemur, Musholla, Parkir Motor, Listrik","Rp. 425.000/bulan","2.9","3.3","3.3","3.3","2.9","2.9","3.1","2,3 km dari POLINEMA"
"Kost Dhanny 16 Klojen Malang 946823DK","Putra","Kasur, Meja, Lemari, Kursi","KM Luar, Wifi, Ruang Jemur, Dapur, Listrik, Parkir Motor","Rp. 450.000/bulan","4.0","4.0","3.0","5.0","4.0","3.0","3.9","1,1 km dari UB"
"Kost Griya Manggar Tipe B Lowokwaru Malang 750ZE","Putra","Kasur, Lemari, ventilasi, Kursi, Bantal","KM Luar, Wifi, Ruang Cuci, Ruang Jemur, Mushola, Dapur, Listrik","Rp. 500.000/bulan","1.3","1.6","2.2","2.5","1.3","1.6","1.8","1,7 km dari UB"
"Kost Pak Gozali Tipe B Lowokwaru Malang B4405ZRS","Putra","Kasur, Lemari, ventilasi, Kursi, Bantal","KM Luar, Parkir Motor, Wifi, Listrik","Rp. 500.000/bulan","5.0","3.1","3.8","3.1","4.0","3.8","3.6","1,5 km dari UB"
"Kost Bantaran IIID Lowokwaru Malang 798BI","Putra","Kasur, Lemari, Kipas Angin","KM Luar, Wifi, Rung cuci, Ruang Jemur, Dapur, Listrik","Rp. 500.000/bulan","5.0","5.0","5.0","4.0","5.0","5.0","5.0","2,2 km dari POLINEMA"
"Kost Bantaran Lowokwaru Malang 8J4FD6D8","Putra","Kasur, Meja, Lemari","KM Luar,Wifi, Ruang Jemur, Dapur, Taman, Jemuran, Parkir Motor, Listrik","Rp. 500.000/bulan","5.0","5.0","5.0","5.0","5.0","5.0","5.0","2,4 km dari POLINEMA"
"Kost Putri Bunda Mariani Malang 4G5F73PF","Putri","Kasur, Meja, Meja Rias, Lemari","KM Luar, Wifi, Raung Cuci, Ruang Tamu, Ruang Makan, Ruang Jemur, Listriik","Rp. 500.000/bulan","5.0","5.0","5.0","5.0","5.0","5.0","5.0","2.,1 km dari POLINEMA"
"Kost Griya Manggar Tipe C Lowokwaru Malang 541DD","Putra","Kasur, Lemari, Ventilasi, Kursi, Bantal","KM Luar, Wifi, Ruang Cuci, Ruang Jemur, Mushola, Dapur, Parkir Motor, Listrik","Rp. 525.000/bulan","1.9","1.9","2.5","1.9","1.3","1.3","1.8","1,7 km dari UM"
"Kost Senggani 15 Lowokwaru Malang 673914PS","Putri","Kasur, Lemari","KM Luar, Wifi, Ruang Cuci, Kulkas, Ruang Tamu, Ruang Jemur, Listrik, Parkir Motor","Rp. 525.000/bulan","3.0","1.0","5.0","1.0","1.0","1.0","2.0","236 m dari POLINEMA"
"Kost Griyasanta C 245 Tipe A Lowokwaru Malang 795CH","Putri","Kasur, Meja, Lemari, Kursi","KM Luar, Raung Jemur, Ruang Santai, Dapur, Parkir Motor, Listrik, Shower","Rp. 600.000/bulan","5.0","4.0","5.0","5.0","5.0","4.0","4.6","1,1 km dari POLINEMA"
"Kost Singgahsini Griya Amira Tipe A Klebengan Yogyakarta 972185SG","Putri","AC,Kasur, Meja, Lemari, Kursi","KM Dalam, shower, Air Panas, Wifi, Ruang Cuci, Ruang Tamu, Ruang Jeemur, Parkir mobil, Listrik","Rp. 1.725.000/ bulan","4.7","4.9","4.9","4.5","4.8","4.6","4.8","1,1 dari UNY"
"Kost Singgahsini Rolas Garden Tipe B Condongcatur Yogyakarta 6KY7A42B","Putra","AC,Kasur, Meja, Lemari, Kursi, TV","KM Dalam, shower, Air Panas, Wifi, Ruang Cuci, Ruang Tamu, Ruang Jeemur, Parkir mobil, Listrik, CCTV","Rp. 1.792.000/ bulan","5.0","5.0","4.7","4.7","5.0","4.7","4.9","2,4 km dari UNY"
"Kost Singgahsini Rumah Eyang Tipe A Gejayan Yogyakarta WZU7656Z","Campur","Kasur, Meja,Lemari, Kursi","KM Dalam, shower, Wifi, Cuci, Ruang Tamu, Parkir mobil, Listrik, CCTV","Rp. 1.420.000/bulan","5.0","5.0","5.0","4.5","4.0","4.5","4.9","1,7 km dari UNY"
"Kost Singgahsini Victory Tipe A Seturan Yogyakarta 3WG6W23M","Campur","AC,Kasur, Meja,Lemari, Kursi","KM Dalam, shower, Air Panas, Wifi, Ruang Cuci, Ruang Tamu, Ruang Jeemur, Parkir mobil, Listrik, Ruang Makan","Rp. 1.735.000/bulan","4.5","4.6","4.8","4.4","4.3","4.4","4.5","900 m dari Atma Jaya"
"Kost Singgahsini Rahayu UNY Tipe B Yogyakarta 33U0RM6R","Putri","AC,Kasur, Meja,Lemari, Kursi","KM Dalam, shower, Air Panas, Wifi, Ruang Cuci, Ruang Tamu, Ruang Jemur, Parkir mobil, Listrik, Dapur, Jemuran","Rp. 1.775.000/bulan","5.0","5.0","5.0","5.0","4.8","5.0","5.0","1,7 dari UPN"
"Kost Singgahsini Aline Green Mansion Tipe A Condongcatur Yogyakarta G267VK9R","Putri","AC,Kasur, Meja,Lemari, Kursi","KM Dalam, shower, Air Panas, Wifi, Ruang Cuci, Ruang Tamu, Ruang Jemur, Parkir mobil, Listrik, Ruang Makan, Wastafel","Rp. 1.830.000/bulan","4.9","5.0","4.8","4.8","4.9","4.9","4.9","1,9 km dari UAY"
"Kost Singgahsini Omah Aqila UNY Tipe A Yogyakarta 67W2N9BD","Campur","AC,Kasur, Meja,Lemari, Kursi","KM Dalam, shower, Air Panas, Wifi, Ruang Cuci, Ruang Tamu, Ruang Jemur, Parkir mobil, Listrik, Ruang Makan, Wastafel, Mesin Cuci","Rp. 2.275.000/ bulan","4.9","4.9","5.0","4.8","4.9","4.8","4.9","992 m dari UGM"
"Kost Singgahsini Ananda 2 Tipe A Condongcatur Yogyakarta 7KYM53H4","Campur","AC,Kasur, Meja,Lemari, Kursi","KM Dalam, shower, Air Panas, Wifi, Parkir mobil, Listrik, CCTV","Rp. 1.725.000/ bulan","4.9","4.9","5.0","4.8","4.8","4.8","4.9","1,6 km dari UAY"
"Kost Apik Batas Nusa Tipe A Seturan Yogyakarta NN3905QH","Putra","Kasur, Meja,Lemari, Kursi, Bantal, Ventilasi, Jendela","KM Dalam, Wifi, Raung Tanu, Ruang Jemur, Dapur, Parkir Mobil","Rp. 1.175.000/ bulan","4.7","4.8","5.0","4.4","4.7","4.6","4.6","450 m dari UPN"
"Kost Singgahsini Sakura Karanggayam Sleman Yogyakarta 596781SS","Putri","AC,Kasur, Meja,Lemari, Kursi","KM Dalam, shower, Air Panas, Wifi, Ruang Tamu, Penjagga, Parkir mobil, Listrik, Wastafel","Rp. 1.525.000/bulan","4.9","4.9","4.9","4.5","4.9","4.8","4.8","1,6 dari UGM"
"Kost Singgahsini Kurnia Tipe A Gejayan Yogyakarta 659712SK","Putri","Kasur, Meja,Lemari, Kursi","KM Dalam, Wifi, Ruang Tamu, Penjagga, Parkir mobil, Listrik, ruang Santai","Rp. 1.050.000/bulan","5.0","4.8","4.9","4.6","4.8","4.8","4.9","1,4 km dari UMY"
"Kost Singgahsini Victory Tipe C Seturan Yogyakarta 2CH298GA","Campur","AC,Kasur, Meja,Lemari, Kursi","KM Dalam, shower, Air Panas, Wifi, Ruang Tamu, Penjagga, Parkir mobil, Listrik, Wastafel, Ruang Makan","Rp. 2.210.000/bulan","4.7","4.7","4.7","4.7","4.7","4.3","4.6","900 m dari Atma Jaya"
"Kost Apik Flamboyan 23A Tipe A Colombo Yogyakarta AQ42X99P","Putra","AC,Kasur, Meja,Lemari, Kursi","KM Dalam, shower, Air Panas, Wifi, Ruang Tamu, Penjagga, Parkir mobil, Listrik, Wastafel, Ruang Cuci, Ruang Jemur","Rp.1.497.500/bulan","5.0","5.0","5.0","5.0","5.0","5.0","5.0","2,5 km dari UAY"
"Kost Singgahsini Pondok Garini Syariah Tipe A Yogyakarta T78AFC72","Campur","AC,Kasur, Meja,Lemari, Kursi","KM Dalam, shower, Air Panas, Wifi, Ruang Tamu, Parkir mobil, Listrik, Wastafel, Ruang Jemur","Rp. 1.825.000/bulan","4.9","4.7","4.9","4.7","4.9","4.8","4.8","2 km dari UGM"
"Kost Singgahsini Asrama Ibu Suminah Tipe A Pogung Yogyakarta 0AL4Y8E1","Putri","AC,Kasur, Meja,Lemari, Kursi, Bantal","KM Dalam, shower, Wifi, Ruang Tamu, Parkir mobil, Listrik, Dispenser, Ruang tamu, Dapur","Rp. 1.055.000","4.8","4.9","4.6","4.7","4.8","4.8","4.8","!,8 km dari UGM"
"Kost Singgahsini Cozy Sawitsari 6 Tipe A Condongcatur Yogyakarta 6NNGS708","Putra","Kasur, Meja,Lemari, Kursi, Bantal, Cermin Jendela","KM uar, shower, Wifi, Ruang Tamu, Parkir mobil, Listrik, Ruang tamu","Rp. 900.000/bulan","4.9","4.9","5.0","4.4","4.7","4.9","4.8","2 km dari UGM"
"Kost Singgahsini Omah Anggur Tipe D Seturan Yogyakarta P8SM4B04","Putri","AC,Kasur, Meja,Lemari, Kursi, Ventilasi","KM Dalam, Wifi, Dapur, Parkir mobil, Listrik, Shower, Air Panas","Rp. 1.725.000/ bulan","5.0","4.8","4.9","4.4","4.7","4.8","4.8","1,1 km dari Atma Jaya"
"Kost Singgahsini Alpukat Rania Tipe A Condong Catur Yogyakarta T775NZ5X","Putri","AC,Kasur, Meja,Lemari, Kursi, Ventilasi","KM Dalam, Wifi, Ruang cuci, Ruang Tamu, Ruang Jemur, Parkir Mobil, Showe, Air Panas, Kulkas","Rp. 1.300.000/bulan","4.9","5.0","5.0","4.8","5.0","4.9","5.0","720 m dari UAY"
"Kost Singgahsini Milana Tipe D Pringwulung Yogyakarta 128749SG","Putri","AC,Kasur, Meja,Lemari, Kursi","KM Dalam, shower, Air Panas,Wifi, Ruang Cuci, Ruang Tamu, Wastafell, Dapur","Rp. 1.825.000/bulan","4.3","4.3","4.8","4.8","4.8","4.6","4.6","412 m dari Akademi Keperawatan"
"Kost Singgahsini Alpukat Akininda Tipe A Condongcatur Yogyakarta 46R3NWJ9","Putri","AC,Kasur, Meja,Lemari, Kursi, Ventilasi","Wifi, Kulkas, Dapur, CCTV, Parkir Mobil","Rp. 1.525.000/bulan","5.0","5.0","5.0","5.0","5.0","5.0","5.0","2,6 km dari UNY"
"Kost Singgahsini Nurdiono House Tipe A Jakal Yogyakarta S7BD1M81","Putra","AC,Kasur, Meja,Lemari, Kursi, TV","KM Dalm, Wastafel, Shower, Air Panas, Wifi, Ruang Cuci, Ruang Tamu, Laundry, Raung Jemur, Parkir Motor","Rp. 1.725.000/ bulan","4.9","4.9","4.9","4.8","4.8","4.8","4.7","2,5 km dari UGM"
"Kost Singgahsini Omah Anggur Tipe A Seturan Yogyakarta Y50J5KQ9","Putri","AC,Kasur, Meja,Lemari, Kursi, Ventilasi","Wifi Ruang Tamu, Dapur, Parkir Mobil","Rp. 1.875.000/bulan","4.9","4.9","5.0","4.6","4.8","4.8","4.9","1,1 km dari Atma Jaya"
"Kost Singgahsini Citra Tipe B UPN Yogyakarta 489673SC","Putri","Kasur, Meja,Lemari, Bantal, Guling","KM Dalam, Wastafel, Shower, Air Panas, Wifi, Ruang Cuci, Ruang Tamu, Laundry, Raung Jemur, Parkir Motor, Dapur, Dispenser","Rp. 1.393.000/bulan","4.8","4.7","5.0","4.5","4.6","4.5","4.6","2,2 km dari Catholic Church of The Sacred Family, Banteng"
"Kost Singgahsini Cinta Hut 2 Tipe A Condongcatur Yogyakarta 482356SC","Putri","AC,Kasur, Meja,Lemari, Kursi, TV","KM Dalam, Wastafel, Shower, Air Panas, Wifi, Ruang Cuci, Ruang Tamu, Laundry, Raung Jemur, Parkir Motor, Dapur, Dispenser","Rp. 2.075.000/bulan","5.0","4.9","5.0","4.9","4.9","5.0","5.0","1,3 km dari UPN"
"Kost Singgahsini Jasmin Tipe A Seturan Yogyakarta 586412SJ","Putra","AC,Kasur, Meja,Lemari, Kursi","KM Dalam, Shower, Wifi, Ruang Tanu, Penjaga, Ruang Santai, Dapur","Rp. 1.725.000/ bulan","4.7","4.8","4.8","4.5","4.7","4.7","4.8","802 m dari UPN"
"Kost Singgahsini Algohome Tipe A Kledokan Yogyakarta 873914SA","Putri","Kasur, Meja,Lemari, Kursi","KM Luar, Wifi, Ruang Cuci, Ruan Tamu, Penjaga, laundry","Rp. 1.075.00/bulan","4.7","4.8","5.0","4.5","4.8","4.7","4.8","548 m dari Atma Jaya"
"Kost Singgahsini Rahayu Tipe A Condongcatur Yogyakarta 584SB","Putri","Kasur, Meja,Lemari, Kursi, Ventilasi","KM Dalam, Wifi, Ruang Cuci, Ruang Tamu, Penjaga, ruang Jemur, Parkir Motor","Rp. 1.000.000/bulan","4.9","4.9","5.9","4.5","4.8","4.4","4.8","1,1 km dari UNY"
"Kost Singgahsini Aquilas Tipe C Seturan Yogyakarta 43RHF41P","Putra","AC,Kasur, Meja,Lemari, Kursi","KM Dalm, Wastafel, Shower, Air Panas, Wifi, Ruang Makan, Parkir Mobil, Kartu Akses","Rp. 2.325.000/bulan","5.0","5.0","5.0","5.0","5.0","5.0","5.0","2,4 km dari UNY"
"Kost Singgahsini Putri Danish Tipe B Gejayan Yogyakarta 709SI","Putri","Kasur, Meja,Lemari, Kursi, Ventilasi","KM Luar, Wifi, Ruang Cuci, Ruan Tamu, Penjaga, Kulkas","Rp. 1.025.000/bulan","5.0","5.0","5.0","5.0","5.0","5.0","5.0","2,1  km dari UNY"
"Kost Singgahsini Cozy Sawitsari 6 Tipe E Condongcatur Yogyakarta C71Y15NW","Putra","AC, Kasur, Bantal","KM Dalam, Air Panas","Rp. 1.950.000/bulan","5.0","5.0","5.0","5.0","5.0","5.0","5.0","2 km dari UGM"
"Kost Pelangi Exclusive Tipe B Depok Sleman 5GY0Z47M","Campur","AC,Kasur, Meja,Lemari, Kursi, TV","KM Dalam, Wastafel, Shower, Air Panas, Wifi, Ruang Cuci, Ruang Tamu, Laundry, Raung Jemur, Parkir Motor, Dapur, Dispenser","Rp. 1.950.000/bulan","5.0","5.0","5.0","3.8","5.0","3.8","4.6","926 m dari Akademi Keperawatan"
"Kost Griya Jagadhita Caturtunggal Depok Sleman Yogyakarta 695GJ","Putra","AC,Kasur, Meja,Lemari, Kursi, TV","KM Dalam, Kulkas, Shower, Air Panas, Wifi, Ruang Cuci, Ruang Tamu, Laundry, Ruang Jemur, Parkir Mobil","Rp. 1.800.000/bulan","5.0","5.0","5.0","5.0","5.0","5.0","4.6","2,6 km dari UGM"
"Kost Griya Milenia 1 Tipe Executive Depok Sleman 067DA","Putri","AC,Kasur, Meja,Lemari, Kursi, TV","KM Dalam, Kulkas, Shower, Air Panas, Wifi, Ruang Cuci, Ruang Tamu, Laundry, Ruang Jemur, Parkir Mobil","Rp. 2.500.000/bulan","5.0","5.0","5.0","5.0","5.0","5.0","5.0","1,5 km dari UGM"
"Kost Rafilah Alma Tipe A Depok Sleman 315JW","Putri","AC,Kasur, Meja,Lemari, Kursi, TV","KM Dalam, Kulkas, Shower, Air Panas, Wifi, Ruang Cuci, Ruang Tamu, Laundry, Ruang Jemur, Parkir Mobil","Rp. 1.500.000/bulan","5.0","5.0","5.0","4.0","4.0","4.0","4.5","1,1 km dari UNY"
"Kost Griya Milenia 1 Tipe VIP Caturtunggal Depok Sleman 523YD","Putri","AC,Kasur, Meja,Lemari, Dispenser, TV","KM Dalam, Kulkas, Shower, Air Panas, Wifi, Ruang Cuci, Ruang Tamu, Laundry, Ruang Jemur, Parkir Mobil","Rp. 2.950.000/bulan","5.0","5.0","5.0","5.0","5.0","5.0","5.0","1,5 km dari UGM"
"Kost Singgahsini Pandega Padma Tipe B Yogyakarta J59SHA60","Putri","AC,Kasur, Meja,Lemari, Kursi, TV","KM Dalam, Shower, Air Panas, Wifi, Ruang Tamu, Penjaga, Ruang Makan, Dapur","Rp. 1.885.000/bulan","5.0","5.0","5.0","5.0","5.0","5.0","5.0","2 km dari UGM"
"Kost Singgahsini Putri Danish Tipe B Gejayan Yogyakarta 709SI","Putri","Kasur, Meja,Lemari, Kursi, Ventilasi","KM Luar, ShowerWifi, Kulkas, Listrik, Ruang Tamu, Ruang Cuci, Penjaga, Listrik","Rp. 1.025.000/bulan","5.0","5.0","5.0","5.0","5.0","5.0","5.0","2,1 km dari UNY"
"Kost Singgahsini Felysia Condongcatur Yogyakarta 744ZM","Campur","AC,Kasur, Meja,Lemari, Kursi, TV","KM Dalam, Wifi, Penjaga, Parkir Motor","Rp. 1.675.000/bulan","4.9","4.7","4.7","4.6","4.8","4.4","4.6","2,2 km dari UAY"
"Kost Singgahsini Cozy Sawitsari 6 Tipe E Condongcatur Yogyakarta C71Y15NW","Putra","AC, Kasur, Bantal","KM Dalam, Air Panas, Ruang Tamu, Dapur, Parkir Mobil","Rp. 1.950.000/bulan","5.0","5.0","5.0","5.0","5.0","5.0","5.0","2 km dari UGM"
"Kost Singgahsini Tapak Dara Tipe B Deresan Yogyakarta 378296ST","Putra","Kasur, Meja,Lemari, Kursi, Ventilasi","KM Dalam, shower, Wifi, Ruang Tamu, Ruang Makan, Dapur, Listrik, Parkir Motor","Rp. 1.925.000/bulan","4.8","4.8","4.8","4.3","4.8","4.7","4.8","1,1 km dari UNY"
"Kost Singgahsini Gang Bali Tipe A Jalan Kaliurang Yogyakarta 316849SG","Putra","Kasur, Meja,Lemari, Kursi, Ventilasi","KM Dalam, Wastafel, shower, Air Panas, Wifi, Ruang Cuci, Ruang Jemur, Dapur, Parkir Mobil, Listrik","Rp. 1.925.000/bulan","4.7","4.9","5.0","4.7","4.9","4.8","4.9","2,2 km dari Akademi Maritim"
"Kost Singgahsini Omah Khiar Tipe C Karang Gayam Yogyakarta 962UM","Putri","Kasur, Meja, Lemari, Kursi","KM Dalam, shower,Wifi, Kulkas, Ruang Tamu, Ruang Jemur, Ruang Santai, Parkir Mobil, Listrik","Rp. 1.275.000/bulan","4.8","4.5","4.8","4.5","4.7","4.5","4.6","931 m dari UNY"
"Kost Singgahsini Putri Danish Tipe C Gejayan Yogyakarta 709SN","Putri","AC,Kasur, Meja,Lemari, Kursi, TV, Ventilasi","KM Luar, Shower, Wifi, Kulkas, Ruang Cuci, Ruang Tamu, Penjaga, Parkir Motor","Rp. 1.275.000/bulan","5.0","5.0","5.0","5.0","5.0","5.0","5.0","2,1 km dari UNY"
"Kost Bali Yuai Tipe A Denpasar Barat L3L42K5S","Campur","Ac, Kasur, Tv, Lemari Baju, Kipas Angin","Penjaga Kost, Tv , Balcon, Taman","Rp. 2.200.000/ bulan","2.7","3.1","5.0","3.9","3.1","3.5","3.5","826 m Sekolah Tinggi Ilmu Manajemen"
"Kost Bali Yuai Tipe B Denpasar Barat 91M9CHM5","Campur","Kasur, Tv, Lemari Baju, Kipas Angin","Balcon","Rp. 1.600.000/bulan","3.8","3.8","5.0","5.0","3.9","4.4","4.2","835 m Sekolah Tinggi Ilmu Manajemen"
"Kost Hartawan 1 Denpasar Barat X78N58KJ","Campur","Kasur, Ventilasi","Jemuran, Jual Makanan","Rp. 900.000/bulan","4.5","4.4","4.9","4.3","4.1","4.4","4.4","3,4 km Universitas Dwijendra"
"Kost Dumogi Rahayu 2 Tipe A Denpasar Selatan 25U6NX6P","Campur","Ac, Kasur, Meja, Lemari Baju, Ventilasi","Wifi, Penjaga Kost, Ruang cuci, Ruang Jemur, Ruang Santai","Rp. 1.600.000/bulan","5.0","5.0","5.0","4.8","4.8","5.0","4.9","2,4 km Universitas Pendidikan Nasional"
"Kost Ganandra Stay Denpasar Timur 526GS","Campur","Ac, Kasur, Meja , Tv, Lemari Baju","Wifi, Ruang Tamu, Penjaga Kost, Ruang Jemur, Ruang Santai","Rp. 2.200.000/bulan","4.0","4.3","4.8","3.3","3.8","3.8","4.0","4,5 km Universitas Hindu Indonesia"
"Kost MM Denpasar Barat 8TWX263R","Campur","Ac, Lemari Baju, Kasur, Ventilasi, Meja","Wifi, Penjaga Kost, Dapur, Dispenser, Balcon ","Rp. 1.660.000/bulan","4.0","5.0","5.0","5.0","4.0","4.0","4.5","3,0 km Universitas Mahasaraswati Denpasar"
"Kost Kami Tipe A Denpasar Selatan R8Q37Y8A","Campur","Ac, Kasur, Meja, Bantal, Ventilasi","Wifi, Penjaga Kost, Ruang Jemur, Balcon, Dapur","Rp. 1.300.000/bulan","2.3","3.0","4.2","3.0","3.0","3.5","3.1","1,9 km Universitas Pendidikan Nasional"
"Kost Pondok Indah Vvip Denpasar Barat 0X26XA2X","Putri","Ac, Kasur, Meja, Lemari Baju, Ventilasi","Wifi, Ruang Jemur, Jemuran, Dapur, Joglo","Rp. 1.400.000/bulan","5.0","5.0","5.0","5.0","5.0","5.0","5.0","3,3 km Sekolah Tinggi Sosial Ilmu Politik "
"Kost Strategis Renon Denpasar Selatan 819SR","Campur","Jendela, Dapur Pribadi","Balcon","Rp. 850.000/bulan","4.7","4.7","4.7","4.7","4.7","4.7","4.6","1,8 km Universitas Pendidikan Nasional"
"Kost Prime Renon Tipe Exclusive Denpasar Selatan 815GH","Campur","Ac, Kasur, Meja , Tv, Lemari Baju","Wifi, Penjaga Kost, Kulkas, Ruang Jemur, Dapur","Rp. 3.000.000/bulan","4.6","5.0","5.0","5.0","5.0","4.6","4.9","2.3 km Universitas Pendidikan Nasional"
"Kost Cozy23Stay Denpasar Selatan 397258CS","Campur","Ac, Kasur, Meja , Tv, Lemari Baju","Wifi, Kulkas, Ruang Tamu, Penjaga Kost, Ruang Jemur","Rp. 1.800.000/bulan","5.0","3.8","5.0","3.8","3.8","3.8","4.1","1,7 km Universitas Pendidikan Nasional"
"Kost Doge Studio Denpasar Selatan 794632DD","Campur","Ac, Kasur, Lemari Baju, Ventilasi, Cleaning Service","Wifi, Penjaga Kost, Ruang Jemur, Jual Makanan, Pengurus Kost","Rp. 2.000.000/bulan","5.0","5.0","5.0","5.0","5.0","5.0","5.0","2,1 km Universitas Pendidikan Nasional"
"Kost Juns Tipe Medium Denpasar Selatan 516724JP","Campur","Ventilasi, Jendela","Ruang Jemur, Dapur, Pengurus Kost, Cctv","Rp. 600.000/bulan","4.8","5.0","5.0","5.0","4.8","4.8","4.9","2,1 km Universitas Pendidikan Nasional"
"Kost The Orange Denpasar Selatan 943682TO","Campur","Ac, Kasur, Tv, Lemari Baju, Kulkas","Wifi, Ruang jemur, Taman","Rp. 2.000.000/bulan","5.0","4.0","5.0","5.0","5.0","3.0","4.5","2.9 km Universitas Pendidikan Nasional"
"Kost Yande Denpasar Timur 857YA","Campur","Ac, Kasur, Tv, Meja, Meja Rias","Wifi, Ruang Jemur, Dapur, Tv, Gazebo","Rp. 1.500.000/bulan","5.0","5.0","5.0","5.0","5.0","5.0","5.0","988 m Universitas Dwijendra"
"Kost Ina House 3 Tipe B Denpasar Selatan","Campur","Ac, Kasur, Meja, Dispenser, Tv","Wifi, Penjaga Kost, Cctv, Balcon","Rp. 1.900.000/bulan","3.5","3.0","4.0","3.0","3.0","3.5","3.4","2,4 km Universitas Pendidikan Nasional"
"Kost Amerta Tipe A Panjer Denpasar 575AM","Campur","Ac, Kasur, Meja, Lemari Baju, Kursi","Ruang Tamu, Ruang Baju","Rp. 1.700.000/bulan","5.0","5.0","5.0","3.8","5.0","3.8","4.6","316 m Universitas Pendidikan Nasional"
"Kost Candra Tipe B Denpasar Timur 87KCK9E1","Putri","Ac, Kasur, Meja, Lemari Baju, Ventilasi","Wifi, Penjaga Kost, Cctv, Jemuran, Pengurus Kost","Rp. 1.500.000/bulan","5.0","5.0","5.0","5.0","5.0","5.0","5.0","1,1 km Universitas Dwijendra"
"Kost Tukad Irawadi Denpasar Selatan 5575GEGV","Putri","Kasur, Meja, Lemari Baju, Dapur Pribadi, Jendela","Kulkas, Ruang Jemur, Ruang Santai, Dapur, Balcon","Rp. 650.000/bulan","5.0","5.0","5.0","","5.0","4.0","4.9","1,4 km Universitas Pendidikan Nasional"
"Kost Musi Denpasar Timur Bali 098ABZ6H","Campur","Ac, Kasur, Tv, Lemari Baju, Kulkas","Kulkas, Laundry, Tv, Balcon","Rp. 1.700.000/bulan","5.0","5.0","5.0","5.0","5.0","5.0","5.0","2,3 km Universitas Pendidikan Nasional"
"Kost Kujang 11A Tipe A Denpasar Selatan BRM3J944","Campur","Jendela","Wifi, Penjaga Kost, Ruang Santai, Pengurus Kost","Rp. 750.000/bulan","5.0","5.0","5.0","5.0","3.0","3.0","4.4","2,3 km Universitas Dwijendra"
"Kost Petanu Residence Denpasar Barat YF60P8Y4","Campur","Ac, Kasur, Meja , Tv, Lemari Baju","Wifi, Penjaga Kost, Ruang Tamu, Dapur, Cctv","Rp. 2.000.000/bulan","5.0","5.0","5.0","5.0","5.0","5.0","5.0","314 m Universitas Pendidikan Nasional"
"Kost Wisma Panjer Denpasar Selatan C721HXZ3","Campur","Dapur Pribadi","Jemuran, Pengurus Kost","Rp. 650.000/bulan","5.0","5.0","5.0","5.0","5.0","5.0","5.0","2 km Universitas Pendidikan Nasional"
"Kost Pak Bagus Renon Denpasar Selatan 8N2Y3Y3R","Campur","Dapur Pribadi","Wifi, Penjaga Kost, Dapur, Balcon, Cctv","Rp. 900.000/bulan","5.0","5.0","5.0","5.0","5.0","5.0","5.0","1,5 km Universitas Pendidikan Nasional"
"Kost Parmelia Tipe A Denpasar Barat 472185PS","Campur","Ac, Kasur, Meja, Lemari Baju, Ventilasi","Balcon, Pengurus Kost","Rp. 1.200.000/bulan","5.0","5.0","5.0","5.0","5.0","5.0","5.0","704 m Sekolah Tinggi Ilmu Manajemen"
"Kost VVIP Citarum Renop VIP Denpasar Selatan 178456TV","Campur","Ac, Kasur, Meja Rias, Tv, Lemari Baju","Wifi, Dapur, Gazebo, Jemuran, Tv","Rp. 1.600.000/bulan","5.0","5.0","5.0","5.0","5.0","5.0","5.0","1,3 km Universitas Pendidikan Nasional"
"Kost Ulandari Denpasar Selatan K1KNP057","Campur","Meja","Ruang Cuci, Ruang Jemur, Ruang Tamu, Ruang Makan, Ruang Santai","Rp. 810.000/bulan","5.0","5.0","5.0","5.0","5.0","5.0","5.0","2,2 km Universitas Pendidikan Nasional"
"Kost Jayashree Denpasar Timur 187MD","Campur","Ac, Kasur, Meja, Tv, Meja Rias","Wifi, Kulkas, Penjaga Kost, Ruang Tamu, Dapur","Rp. 1.840.000/bulan","5.0","5.0","5.0","5.0","5.0","5.0","5.0","3,9 km Universitas Hindu Indonesia"
"Kost Mayura Ananta Panjer Denpasar Selatan N854U2KW","Campur","-","Wifi, Ruang Jemur, Taman, Gazebo, Cctv","Rp. 1.100.000/bulan","3.1","3.1","3.1","3.1","3.1","3.1","3.1","1,9 km Universitas Pendidikan Nasional"
"Kost Batusari Tipe C Denpasar Timur 492183BC","Campur","Ac, Kasur, Meja , Tv, Lemari Baju","Ruang Jemur, Dapur","Rp. 1.680.000/bulan","5.0","5.0","5.0","4.0","5.0","5.0","4.9","2,4 km Universitas Pendidikan Nasional"
"Kost Yutaka Denpasar Selatan 321YD","Campur","Wastafel","Ruang Jemur, Dapur, Taman","Rp. 1.100.000/bulan","4.8","5.0","5.0","5.0","4.5","5.0","4.9","1,6 km Universitas Pendidikan Nasional"
"Kost Griya Petanu 34 Denpasar Selatan 537864GP","Campur","Ac","Ruang Jemur, Dapur, Taman, Balcon","Rp. 1.100.000/bulan","5.0","5.0","5.0","5.0","5.0","5.0","5.0","791 m Universitas Pendidikan Nasional"
"Kost Dianing Denpasar Selatan 539462DD","Campur","Ac, Kasur, Meja, Dispenser, Tv","Wifi, Kulkas, Ruang Tamu, Laundry, Ruang Makan","Rp. 1.500.000/bulan","4.6","3.8","4.6","3.4","3.4","4.3","4.1","527 m Universitas Pendidikan Nasional"
"Kost Kubu Denpasar Selatan Bali 245763KD","Campur","Ac, Kasur, Meja , Tv, Lemari Baju","Tv, Taman","Rp. 1.200.000/bulan","5.0","5.0","5.0","5.0","3.8","5.0","4.8","1,5 km Universitas Pendidikan Nasional"
"Kost Eksklusif Gangga Graha Denpasar Barat 7BQKEQ190","Campur","Ac, Kasur, Meja, Tv, Meja Rias","Wifi, Kulkas, Ruang Cuci, Laundry, Penjaga Kost","Rp. 2.700.000/bulan","5.0","5.0","5.0","5.0","5.0","5.0","5.0","2,3 km Universitas Dwijendra"
"Kost Singgahsini Putri Danish Tipe C Gejayan Yogyakarta 709SN","Putri","AC,Kasur, Meja,Lemari, Kursi, TV, Ventilasi","KM Luar, Shower, Wifi, Kulkas, Ruang Cuci, Ruang Tamu, Penjaga, Parkir Motor","Rp. 1.275.000/bulan","5.0","5.0","5.0","5.0","5.0","5.0","5.0","2,1 km dari UNY"
"Kost Singgahsini Kalyana Prime Tipe B Seturan Yogyakarta 28M67KDK","Putri","AC,Kasur, Meja,Lemari, Kursi, TV","KM Dalam, shower,Wifi, Kulkas, Ruang Tamu, Ruang Jemur, Ruang Santai, Parkir Mobil, Listrik","Rp. 1.625.000/bulan","4.8","4.9","5.0","4.6","4.8","4.8","4.9","1,9 km dari UNY"
"Kost Singgahsini Rolas Garden Tipe A Condongcatur Yogyakarta 92HF77JE","Putra","AC,Kasur, Meja,Lemari, Kursi, TV","KM Dalam, Wastafel, shower, Air Panas, Wifi, Ruang Cuci, Ruang Jemur, Dapur, Parkir Mobil, Listrik","Rp. 2.024.500/bulan","5.0","5.0","5.0","5.0","5.0","5.0","5.0","2,4 km dari UNY"
"Kost Apik Cemara Tipe C Condong Catur Yogyakarta EZ0F99V6","Putri","AC,Kasur, Meja,Lemari, Kursi, TV, Ventilasi","Wifi, Kulkas, Dapur, CCTV, Parkir Mobil, Listrik, Dapur, Raung Tamu","Rp. 700.000/bulan","5.0","5.0","5.0","5.0","5.0","5.0","5.0","692 m dari UAY"
"Kost Apik Cemara Tipe A Condong Catur Yogyakarta 7P8S0A8E","Putri","AC,Kasur, Meja,Lemari, Kursi, TV","Wifi, Kulkas, Dapur, CCTV, Parkir Mobil, Listrik, Dapur, Raung Tamu","Rp. 1.235.000/bulan","5.0","5.0","5.0","4.3","5.0","4.7","4.9","692 mdari UAY"
"Kost Singgahsini Putri Danish Tipe D Gejayan Yogyakarta 709SG","Putri","Kasur, Meja,Lemari, Kursi, Ventilasi","KM Luar, Shower, Wifi, Kulkas, Ruang Cuci, Ruang Tamu, Penjaga, Parkir Motor","Rp. 1.275.000/bulan","5.0","4.0","4.3","4.6","4.4","4.9","4.6","2,1 km dari UNY"
"Kost Singgahsini Pramesthi UPN Tipe C Yogyakarta 510KF1QZ","Putra","AC,Kasur, Meja,Lemari, Kursi, TV, Ventilasi","Wifi, Kulkas, Dapur, CCTV, Parkir Mobil, Listrik, Dapur, Raung Tamu","Rp. 1.775.000/bulan","4.8","4.8","4.9","4.9","4.9","4.6","4.8","1,7 km dari UNY"
"Kost Singgahsini Pramesthi UPN Tipe A Yogyakarta 15U89RXB","Putra","AC,Kasur, Meja,Lemari, Kursi, TV","KM Luar, Shower, Wifi, Kulkas, Ruang Cuci, Ruang Tamu, Penjaga, Parkir Motor","Rp. 1.525.000/bulan","4.8","4.5","5.0","4.5","5.0","4.8","4.8","2,1 km dari UNY"
"Kost Singgahsini Rahayu UNY Tipe A Yogyakarta 4X1G4N5F","Putri","Kasur, Meja,Lemari, Kursi, Ventilasi","KM Dalam, shower,Wifi, Kulkas, Ruang Tamu, Ruang Jemur, Ruang Santai, Parkir Mobil, Listrik","Rp. 2.275.000/bulan","5.0","5.0","5.0","5.0","5.0","5.0","5.0","1,7 km dari UPN"
"Kost Singgahsini Pondok Garini Syariah Tipe C Yogyakarta 1F3N97BJ","Campur","AC,Kasur, Meja,Lemari, Kursi, TV","Wifi, Kulkas, Dapur, CCTV, Parkir Mobil, Listrik, Dapur, Raung Tamu","Rp. 1.525.000/bulan","5.0","5.0","5.0","4.5","5.0","5.0","4.9","2 km dari UGM"
"Kost Singgahsini Cozy Sawitsari 6 Tipe D Condongcatur Yogyakarta 6708AI","Putra","AC,Kasur, Meja,Lemari, Kursi, TV, Ventilasi","KM Dalam, Wastafel, shower, Air Panas, Wifi, Ruang Cuci, Ruang Jemur, Dapur, Parkir Mobil, Listrik","Rp. 1.425.000/bulan","4.8","4.8","4.8","4.5","4.8","4.8","4.8","2 km dariUGM"
"Kost Singgahsini Alpukat Akininda Tipe B Condongcatur Yogyakarta 23LWD9K1","Putri","AC,Kasur, Meja,Lemari, Kursi, TV, Ventilasi","KM Luar, Shower, Wifi, Kulkas, Ruang Cuci, Ruang Tamu, Penjaga, Parkir Motor","Rp. 1.295.000/bulan","4.9","4.9","4.9","4.9","4.8","4.8","4.9","2,4 km dari UGM"
"Kost Singgahsini Milana Tipe A Pringwulung Yogyakarta 128749SI","Putri","AC,Kasur, Meja,Lemari, Kursi, TV","KM Dalam, Wastafel, shower, Air Panas, Wifi, Ruang Cuci, Ruang Jemur, Dapur, Parkir Mobil, Listrik","Rp. 1.725.000/bulan","4.5","4.5","4.8","4.3","4.5","4.3","4.5","412 m dari Akademi Keperawatan Panti Rapih Yogyakart"
"Kost Singgahsini Milana Tipe C Pringwulung Yogyakarta 128749SN","Putri","AC,Kasur, Meja,Lemari, Kursi, TV","KM Dalam, Wastafel, shower, Air Panas, Wifi, Ruang Cuci, Ruang Jemur, Dapur, Parkir Mobil, Listrik","Rp. 1.925.000/bulan","4.7","4.8","5.0","4.6","4.8","4.3","4.8","412 m dari Akademi Keperawatan Panti Rapih Yogyakart"
"Kost Singgahsini Kalyana Prime Tipe A Seturan Yogyakarta G42UDS73","Putri","AC,Kasur, Meja,Lemari, Kursi, TV","KM Dalam, Shower, Air Panas, Wastafel, Listrik,Wifi, Raung Makan, Parkir Mobil","Rp. 1.675.000/bulan","5.0","5.0","5.0","4.8","5.0","4.9","4.9","1,9 km dari UNY"
"Kost Singgahsini Putri Maoni Tipe A Gejayan Yogyakarta 280SI","Putri","AC,Kasur, Meja,Lemari, Kursi, TV","KM Dalam, shower, Air Panas, Wifi, Kulkas, Ruang Tamu, Penjaga, Ruang Jemur","Rp. 1.415.000/bulan","4.5","5.0","4.5","5.0","5.0","4.5","4.8","1 km dari UNY"
"Kost Singgahsini Tapak Dara Tipe C Deresan Yogyakarta 624781ST","Campur","AC,Kasur, Meja,Lemari, Kursi","KM Dalam, Ember, Wastafel, Shower, Wifi,  Raung Tamu, Ruang Makan","Rp. 2.225.000/bulan","5.0","5.0","4.0","5.0","4.0","5.0","4.6","1,1 km dari UNY"
"Kost Singgahsini Bae Residence Tipe A Jakal Yogyakarta 563197SB","Putra","AC,Kasur, Meja,Lemari, Kursi, TV","KM Dalam, Wastafel, Air Panas, wifi, Ruang Makan, Ruang Tamu, Listrik, Kulkas","Rp. 1.875.000/bulan","4.8","4.7","4.8","4.4","4.5","4.5","4.6","2,9 km dari Akademi Maritim Yogyakarta"
"Kost Singgahsini Putri Omah Sinau Tipe B Plemburan Yogyakarta 316954SI","Putri","AC,Kasur, Meja,Lemari, Kursi","KM Dalam, shower, Wifi, Ruang Tamu, Penjaga, Ruang Makan, Ruang Jemur","Rp. 1.395.000/bulan","4.9","4.8","4.9","4.9","4.8","4.8","4.6","2,6 km dari Akademmi Maritim Yogyakarta"
"Kost Singgahsini Griya Amira Tipe B Klebengan Yogyakarta 972185SI","Putri","AC,Kasur, Meja,Lemari, Kursi","KM Dalam, Shower, Air Panas, Wastafel, Listrik,Wifi, Raung Makan, Parkir Mobil","Rp. 1.825.000","4.7","4.9","4.9","4.3","4.7","4.8","4.8","1,1 km dari UNY"
"Kost Singgahsini Omah Khiar Tipe A Karang Gayam Yogyakarta 962UG","Putri","Kasur, Meja,Lemari, Kursi, Ventilasi","Wifi, Kulkas, Ruang Tamu, Ruag Jemur, Ruang Santai, Parkir Mobil, Listrik, KM Luar","Rp. 1.075.000/bulan","5.0","5.0","4.8","4.6","4.8","4.6","4.8","931 m dari UY"
"Kost Singgahsini Putri Maoni Tipe B Gejayan Yogyakarta 280GH","Putri","AC,Kasur, Meja,Lemari, Kursi","KM Dalam, Shower, Air Panas, Wifi, Ruang Tamu, Jemuran, Ruang santai, Listrik","Rp. 1.635.000/bulan","5.0","4.7","4.9","4.5","4.7","4.8","4.8","1 km dari UNY"
"Kost Singgahsini Omah Khiar Tipe D Karang Gayam Yogyakarta 962U","Putri","AC,Kasur, Meja,Lemari, Kursi","KM Dalam, Shower, Air Panas, Wastafel, Listrik,Wifi, Ruang Makan, Parkir Mobil","Rp. 1.375.000/bulan","4.7","4.7","4.8","4.6","4.9","4.9","4.7","931 m dari UNY"
"Kost Singgahsini Rahayu Tipe B Condongcatur Yogyakarta 649BE","Putri","Kasur, Meja,Lemari, Kursi","KM Luar, Shower, Wifi, Kulkas, Ruang Cuci, Ruang Tamu, Penjaga, Parkir Motor","Rp. 750.000/bulan","4.9","4.9","5.0","4.8","4.9","4.7","4.9","1,1 km dari UNY"
"Kost Singgahsini Omah Khiar Tipe E Karang Gayam Yogyakarta 397UG","Putri","AC,Kasur, Meja,Lemari, Kursi","Wifi, Kulkas, Ruang Tamu, Ruang Jemur, Ruang Santai, Listrik","Rp. 1.525.000/bulan","4.6","4.5","4.6","4.5","4.5","4.3","4.5","931 m dari UNY"
"Kost Singgahsini Tapak Dara Tipe A Deresan Yogyakarta 384197ST","Putra","Kasur, Meja,Lemari, Kursi, Ventilasi","KM Dalam, Shower, Bak, Wifi, Ruang Tamu, Ruang Makan, Dapur, listrik, Parkir Mobil","Rp. 1.025.000/bulan","4.8","4.8","4.9","4.6","4.8","4.6","4.8","1,1 km dari UNY"
"Kost Singgahsini Purwosari 8 Tipe C Laweyan Surakarta PFEQ0569","Campur","Ac, Kasur, Meja, Lemari Baju, Ventilasi","Wifi, Ruang Jemur, Ruang Santai, Kamar Mandi Luar","Rp. 900.000/bulan","4.8","4.8","4.7","4.4","4.7","4.7","4.6","1,8 km Universitas Tunas Pembangunan"
"Kost Apik Tegalsari Solo Grand Mall Tipe A Laweyan Surakarta Z1F2H2E9","Campur","Ac, Kasur, Meja, Lemari Baju, Kursi","Wifi, Ruang Jemur","Rp. 1.375.000/bulan","4.9","4.9","4.8","4.7","4.8","4.6","4.8","2,3 km Universitas Tunas Pembangunan"
"Kost Singgahsini Olive Paragon Mall Tipe B Surakarta 2Q79K9QD","Putri","Kasur, Meja, Lemari Baju, Kursi, Bantal","Wifi, Ruang Tamu, Penjaga Kost, Ruang Jemur, Dispenser","Rp. 700.000/bulan","4.9","4.9","4.9","4.7","4.7","4.7","4.8","1,1 km Universitas Tunas Pembangunan "
"Kost Singgahsini Lumintu 2 Tipe A Banjarsari Surakarta RA3U6D95","Campur","Ac, Kasur, Meja, Lemari Baju, Ventilasi","Wifi, Ruang Tamu, Penjaga Kost, Ruang Makan, Dapur","Rp. 1.325.000/bulan","5.0","5.0","5.0","4.7","4.9","4.9","4.9","1.7 km Universitas Tunas Pembangunan "
"Kost Singgahsini Purwosari 8 Tipe D Laweyan Surakarta QYJ3355Q","Campur","Kasur, Meja, Lemari Baju, Ventilasi","Wifi, Ruang Jemur, Ruang Santai, Kamar Mandi Luar","Rp. 750.000/bulan","4.7","4.3","4.7","4.3","4.7","4.7","4.5","1,8 km Universitas Tunas Pembangunan"
"Kost Apik Pringgading Setabelan Tipe A Banjarsari Surakarta 09Z27LSE","Putra","Kasur, Lemari Baju, Bantal, Cermin, Jendela","Wifi, Ruang Tamu, Penjaga Kost, Ruang Jemur, Dapur","Rp. 590.000/bulan","4.8","4.8","4.8","4.6","4.7","4.8","4.8","3,2 km Universitas Sebelas Maret"
"Kost Griya Sura Laweyan Surakarta 951FS","Putra","Ac, Kasur, Meja, Lemari Baju, Kursi","Wifi, Ruang Cuci, Ruang Tamu, Mesin Cuci, Ruang Makan","Rp. 1.500.000/bulan","5.0","5.0","5.0","5.0","5.0","5.0","5.0","2,7 km Sekolah Tinggi Parawisata Sahid"
"Kost Agape Tipe B Banjarsari Surakarta 252YR","Putri","Kasur, Lemari Baju, Ventilasi, Bantal, Jendela","Wifi, Ruang Cuci, Ruang Santai, Ruang Jemur, Jemuran","Rp. 800.000/bulan","5.0","5.0","5.0","5.0","5.0","5.0","5.0","1,1 km Universitas Tunas Pembangunan "
"Kost Cozykost Tipe E Laweyan Surakarta 801SD","Putri","Kasur, Lemari Baju","Ruang Jemur","Rp. 2.000.000/bulan","5.0","5.0","5.0","5.0","5.0","5.0","5.0","3,0 km Sekolah Tinggi Parawisata Sahid"
"Kost Agape Tipe A Banjarsari Surakarta 815FZ","Putri","Kasur, Bantal, Jendela","Wifi, Ruang Cuci, Ruang Makan, Ruang Jemur, Ruang Tamu","Rp. 450.000/bulan","5.0","5.0","5.0","5.0","5.0","5.0","5.0","1,1 km Universitas Tunas Pembangunan "
"Kost Ndalem Mitrosuwarnan Tipe A Jebres Surakarta FNE546M0","Putri","Kasur, Meja, Lemari Baju, Ventilasi, Bantal","Wifi, Penjaga Kost, Ruang Tamu, Ruang Jemur, Ruang Santai","Rp. 800.000/bulan","4.0","4.0","4.0","4.0","4.0","3.0","3.9","2,2 km Universitas Sebelas Maret"
"Kost Wisma Pari 1 Tipe A Jebres Surakarta 14QABL86","Campur","Ac, Kasur, Tv, Lemari Baju, Cermin","Penjaga Kost, Ruang Tamu, Ruang Jemur, Dapur, Cctv","Rp. 1.100.000/bulan","5.0","5.0","4.0","5.0","5.0","4.0","4.6","2,0 km Universitas Sebelas Maret"
"Kost DJ Sepatu Tipe Regular Jebres Surakarta 879DJ","Putri","Kasur, Meja, Meja Rias, Lemari Baju, Ventilasi","Ruang Tamu, Penjaga Kost, Ruang Jemur, Dapur, Pengurus Kost","Rp. 450.000/bulan","4.8","4.3","4.6","4.9","4.9","4.1","4.6","2,5 km Universitas Sebelas Maret"
"Kost DJ Sepatu 2 VIP Lantai 1 Jebres Surakarta XT5L867C","Putri","Kasur, Meja, Lemari Baju, Jendela, Kursi","Penjaga Kost, Ruang Cuci, Ruang Tamu, Ruang Makan ,Ruang Jemur","Rp. 800.000/bulan","4.8","4.5","4.8","4.5","4.3","4.0","4.5","2,5 km Universitas Sebelas Maret"
"Kost Nanik Banjarsari Surakarta 628NB","Putri","Kasur, Meja, Lemari Baju, Bantal","Wifi, Ruang Cuci, Kulkas, Ruang Tamu, Ruang Makan","Rp. 425.000/bulan","5.0","5.0","5.0","5.0","5.0","5.0","5.0","2,5 km Universitas Sebelas Maret"
"Kost Golek Life Tipe A Serengan Surakarta F8659JXL","Putri","Kasur, Lemari Baju, Ventilasi, Bantal, Cermin","Penjaga Kost, Ruang Cuci, Ruang Tamu, Dapur, Dispenser","Rp. 580.000/bulan","5.0","5.0","5.0","5.0","5.0","5.0","5.0","1,7 km Akademi Analisis Kesehatan Nasional"
"Kost Griya Monjari Executive Banjarsari Surakarta 217GM","Campur","Ac, Kasur, Meja, Tv, Lemari Baju","Wifi, Kulkas, Ruang Cuci, Ruang Jemur, Ruang Tamu","Rp. 1.995.000/bulan","5.0","5.0","5.0","4.5","4.5","4.5","4.8","1,3 km Sekolah Tinggi Ilmu Ekonomi "
"Kost Bhayangkara I Serengan Surakarta 897CX","Putri","Ventilasi, Kasur, Meja, Cermin","Ruang Tamu, Ruang Dapur, Ruang Jemur","Rp. 450.000/bulan","5.0","5.0","5.0","5.0","5.0","5.0","5.0","1,6 km Akademi Analisis Kesehatan Nasional"
"Kost Putri Kenanga 2 Laweyan Surakarta 592768PK","Putri","Kasur, Meja, Kursi, Jendela","Wifi, Ruang Cuci, Ruang Jemur, Ruang Santai, Dapur","Rp. 400.000/bulan","3.8","5.0","3.8","5.0","5.0","5.0","4.6","2,6 km Sekolah Tinggi Parawisata Sahid"
"Kost Adonia Tipe A Laweyan Surakarta H1W11ZD0","Putri","Kasur, Meja, Tv, Lemari Baju, Kursi","Wifi, Kulkas, Mesin Cuci, Ruang Jemur, Mushola","Rp. 1.000.000/bulan","5.0","5.0","5.0","4.2","3.8","5.0","4.6","3,0 km Sekolah Tinggi Parawisata Sahid"
"Kost Ammani Banjarsari Surakarta 179325AB","Putri","Ac, Kasur, Meja, Tv, Lemari Baju","Wifi, Ruang Tamu, Ruang Makan, Ruang Jemur, Ruang Santai","Rp. 1.050.000/bulan","5.0","5.0","5.0","5.0","5.0","5.0","5.0","1,2 km Universitas Tunas Pembangunan"
"Kost Wirjodihardjo Sekaliyan Tipe A Banjarsari Surakarta","Putri","Kasur, Meja, Lemari Baju, Kipas Angin, Cleaning Service","Wifi, Ruang Cuci, Ruang Tamu, Mesin Cuci, Penjaga Kost","Rp. 746.000/bulan","4.7","4.4","4.7","4.7","4.4","5.0","4.6","2,1 km Universitas Tunas Pembangunan"
"Kost Apik Tegalsari Solo Grand Mall Tipe B Laweyan Surakarta D2HV39X7","Campur","Kasur, Meja, Lemari Baju, Kursi, Bantal","Wifi, Ruang Jemur","Rp. 875.000/bulan","4.8","4.8","4.9","4.5","4.8","4.6","4.8","2,3 km Universitas Tunas Pembangunan"
"Kost Singgahsini Lumintu 2 Tipe B Banjarsari Surakarta 4WWCT247","Campur","Ac, Kasur, Meja, Lemari Baju, Bantal","Wifi, Ruang Tamu, Penjaga Kost, Ruang Makan, Dapur","Rp. 1.225.000/bulan ","4.8","4.8","4.9","4.6","4.9","4.8","4.9","1.7 km Universitas Tunas Pembangunan "
"Kost Singgahsini Carissa Nusukan Tipe A Banjarsari Surakarta 04XJ5HC5","Campur","Ac, Kasur, Meja, Lemari Baju, Ventilasi","Wifi, Kulkas, Ruang Tamu, Mesin Cuci, Ruang Jemur","Rp. 1.725.000/bulan ","4.7","4.7","5.0","4.7","5.0","4.7","4.8","1,5 km Sekolah Tinggi Ilmu Ekonomi "
"Kost Cozykost Tipe D Laweyan Surakarta 469AN","Putri","Ac, Kasur, Lemari Baju","Ruang Jemur, Kamar Mandi Luar","Rp. 1.400.000/bulan","5.0","5.0","5.0","5.0","5.0","5.0","5.0","2,9 km Sekolah Tinggi Parawisata Sahid"
"Kost SanSan Moewardi UNS Tipe C Jebres Surakarta 205DR","Campur","Ac, Kasur, Meja, Lemari Baju, Kursi","Wifi, Ruang Tamu, Laundry, Dapur, Cctv","Rp. 1.100.000/bulan","5.0","3.8","5.0","3.8","3.8","5.0","4.4","2 km Universitas Sebelas Maret"
"Kost Dhiajeng Eksklusif Vvip Banjarsari Surakarta 987DH","Putri","Kasur, Meja, Dispenser, Tv, Lemari Baju","Wifi, Ruang Tamu, Kulkas, Penjaga Kost, Laundry","Rp. 850.000/bulan","5.0","5.0","5.0","5.0","5.0","5.0","5.0","1,1 km Sekolah Tinggi Ilmu Ekonomi "
"Kost Dhiajeng Eksklusif Executive Banjarsari Surakarta 987DE","Putri","Ac, Kasur, Meja, Dispenser, Tv","Wifi, Kulkas, Ruang Tamu, Penjaga Kost, Laundry","Rp. 1.100.000/bulan","5.0","5.0","5.0","5.0","5.0","5.0","5.0","1,1 km Sekolah Tinggi Ilmu Ekonomi "
"Kost SanSan Moewardi UNS Tipe B Jebres Surakarta 925DB","Campur","Ac, Kasur, Meja, Lemari Baju, Kursi","Wifi, Ruang Tamu, Laundry, Dapur, Cctv","Rp. 1.200.000/bulan","5.0","5.0","5.0","5.0","5.0","5.0","5.0","2 km Universitas Sebelas Maret"
"Kost Griya Rindang Jebres Surakarta 142638GR","Putri","Ac, Kasur, Meja, Tv, Lemari Baju","Wifi, Ruang Tamu, Ruang Jemur, Dapur, Dispenser","Rp. 1.150.000/bulan","3.0","5.0","5.0","3.0","5.0","3.0","4.0","2 km Universitas Sebelas Maret"
"Kost Griya Pelita Banjarsari Surakarta A82L7V8G","Putri","Kasur, Meja, Lemari Baju, Kursi, Kipas Angin","Wifi, Ruang Cuci, Ruang Jemur, Ruang Santai, Tv","Rp. 750.000/bulan","5.0","5.0","5.0","5.0","5.0","5.0","5.0","377m Universitas Tunas Pembangunan"
"Kost SanSan Moewardi UNS Tipe A Jebres Surakarta 784CP","Campur","Ac, Kasur, Meja, Lemari Baju, Kursi","Wifi, Ruang Tamu, Laundry, Dapur, Cctv","Rp. 1.300.000/bulan","5.0","5.0","5.0","5.0","5.0","5.0","5.0","2 km Universitas Sebelas Maret"
"Kost Sriwedari Laweyan Surakarta 931SL","Putri","Kasur, Meja, Tv, Lemari Baju, Kursi","Wifi, Ruang Cuci, Ruang Makan, Ruang Jemur, Ruang Tamu","Rp.600.000/bulan","1.3","1.3","1.3","1.3","1.3","1.3","1.3","3,3 km Sekolah Tinggi Parawisata Sahid"
"Kost Radho Penumping Laweyan Surakarta 501EP","Putra","Kasur, Lemari Baju","Ruang Cuci, Ruang Jemur, Ruang Santai","Rp. 700.000/bulan","5.0","4.6","4.8","4.8","4.6","4.8","4.8","1,8 km Universitas Tunas Pembangunan"
"Kost G2 House 2 Timur Jebres Surakarta 317825PG","Putri","Ac, Kasur, Meja, Kulkas, Lemari Baju","Wifi, Kulkas, Ruang Cuci, Ruang Jemur, Ruang Tamu","Rp. 1.100.000/bulan","5.0","5.0","5.0","5.0","5.0","5.0","5.0","2,1 km Universitas Sebelas Maret"
"Kost Stannum Tipe B Jebres Surakarta 976SB","Putra","Kasur, Meja, Tv, Lemari Baju, Ventilasi","Wifi, Ruang Cuci, Ruang Jemur, Ruang Santai, Mushola","Rp. 410.000/bulan","4.0","4.0","5.0","5.0","4.0","4.0","4.4","2,6 km Universitas Sebelas Marer"
"Kost Uham Sumber Banjarsari Surakarta 628CP","Campur","Kasur, Meja, Lemari Baju, Ventilasi, Bantal","Wifi, Ruang Cuci, Ruang Tamu, Laundry, Ruang Jemur","Rp. 650.000/bulan","4.5","4.5","4.5","4.5","4.5","4.5","4.5","510m Universitas Tunas Pembangunan"
"Kost Singgahsini Kertajaya Utimami Tipe A Gubeng Surabaya D3G969BQ","putri","AC, kasur, meja, lemari baju, ventlasi, KM.dalam, shower","Listrik, Wifi, kulkas, R.tamu, R.jemur, dapur, parkir motor","Rp. 1.665.000/bulan","4.3","4.5","4.8","4.5","4.5","4.5","4.5","1.2 km ke Universitas Airlangga"
"Kost Singgahsini Graha Ara Dharmahusada Tipe A Gubeng Surabaya 0UY80X1N","campur","AC, kasurr, meja, TV, lemari baju, KM.dalam, Shower, air panas","Listrik, Wifi, Kulkas, R.tamu, dapur, dispenser, parkir mobil, parkir motor, parkir sepeda","Rp. 2.705.000/bulan","5.0","5.0","5.0","5.0","5.0","5.0","5.0","602m ke Universitas airlangga"
"Kost Singgahsini Graha Ara Dharmahusada Tipe B Gubeng Surabaya 434RUYS7","campur","AC, kasur, meja, tv, lemai baju, KM.dalam, shower","Listrik, Wifi, kulkasm R.tamu dapur, dispenser, parkir motor, parkir mobil, parkir sepeda","Rp. 2.525.000/bulan","4.9","5.0","5.0","4.4","4.7","4.6","4.8","602m ke Universitas airlangga"
"Kost Singgahsini Graha Ara Dharmahusada Tipe C Gubeng Surabaya EHWX5061","campur","AC, Kasur, Meja, TV, lemari baju, KM.dalam, shower","Listrik, Wifi, Kulkas, R.tamu, dapur, dispenser, parkir mobil, parkir motor, parkir sepeda","Rp. 2.225.000/bulan","5.0","4.7","5.0","4.7","5.0","5.0","5.0","602m ke Universitas airlangga"
"Kost Singgahsini Gubeng Kertajaya 21 Tipe B Surabaya 396254AP","putri","kasur, lemari baju, kursi, cermin, jendela","Listrik, WiFi, KM.luar, ember mandi, shower, R.jemur, R.santai, jemuran, Parkir mobil, parkir motor","Rp. 980.000/bulan","4.9","4.8","4.9","4.5","4.7","4.7","4.8","1.7km ke sekolah tinggi teknik surabaya"
"Kost Singgahsini Gubeng Kertajaya 21 Tipe A Surabaya 396254AG","putri","AC, kasur, lemari baju, banta, cermin, KM.dalam, ember mandi, shower","Listrik, Wifi, R.jemur, R. santai, KM.luar, jemuran, parkir mobil, parkir motor","Rp. 1.540.000/bulan","5.0","4.9","5.0","4.8","4.9","4.9","4.9","1.7km ke sekolah tinggi teknik surabaya"
"Kost Apik Gubeng Kertajaya 10 Tipe A Surabaya 10TJ40SX","putra","Kasur, meja, lemari baju, ventilasi, jendela","Wifi, KM.luar, shower, bak mandi, R.tamu, R.jemur, dapur, Parkir motor, parkir sepeda","Rp. 875.000/bulan","4.7","4.9","4.9","4.6","4.8","4.8","4.8","1.7km ke Universitas Airlangga"
"Kost Singgahsini Opung Erwin Tipe A Mojo Surabaya 4K430ALZ","campur","AC, kasur, TV, lemari baju, bantal, KM.dalam, shower","Wifi, R.cuci, R.tamu, laundry, R.jemur, Parkir motor, parkir sepda","Rp. 1. 605.000/bulan","4.8","4.6","4.9","4.5","4.5","4.6","4.6","1.2 km ke Universitas Airlangga"
"Kost Griya Karunia Kedungdoro Tipe A Sawahan Surabaya U252V7XZ","putra","AC, kasur, meja, lemari baju, ventilasi","Wifi, penjaga kos, Dapur, jemuran, KM.luar, parkir motor","Rp. 1.050.000/bulan","4.3","4.3","4.7","4.3","4.7","4.0","4.4","3.1 ke universitas wijaya kusuma surabaya"
